time (s),altitude (km),velocity (km / s)
0,127.60000000000036,10.020999999999999
10,127.90852970766537,10.020740759714112
20,128.83399908544015,10.01996324179866
30,130.37604909240054,10.018668054591844
40,132.534081973311,10.016856210375733
50,135.30726222558042,10.014529122962157
60,138.69451794802444,10.011688604329397
70,142.69454256648532,10.008336860325986
80,147.30579693003074,10.004476485462368
90,152.5265117700974,10.000110456815339
100,158.35469051372274,9.995242127074384
110,164.7881124407677,9.9898752167627
120,171.82433617390052,9.984013805669374
130,179.46070348903686,9.977662323532398
140,187.6943434329287,9.970825540015193
150,196.5221767336834,9.963508554021962
160,205.94092048915172,9.955716782399485
170,215.94709311739462,9.947455948074943
180,226.53701955278484,9.938732067680947
190,237.70683667073536,9.929551438720193
200,249.4524989235988,9.919920626323046
210,261.7697841699064,9.909846449651885
220,274.65429967884484,9.89933596800623
230,288.1014882917161,9.888396466682503
240,302.1066347219985,9.877035442641809
250,316.66487197567585,9.865260590038337
260,331.77118787357085,9.853079785659927
270,347.4204316575933,9.840501074330941
280,363.607320663079,9.827532654326099
290,380.32644703971255,9.814182862842035
300,397.5722845039336,9.800460161571351
310,415.3391951061649,9.786373122421791
320,433.62143599675437,9.771930413420769
330,452.4131661750671,9.757140784843077
340,471.70845320677654,9.742013055597
350,491.50127989509474,9.726556099901446
360,511.7855508923558,9.710778834284017
370,532.5550992390645,9.694690204927229
380,553.803692818341,9.678299175387293
390,575.5250407143722,9.661614714707289
400,597.7127994643233,9.644645785943734
410,620.3605791939317,9.627401335122956
420,643.4619496277674,9.609890280641144
430,667.0104459659797,9.592121503119364
440,690.9995746200957,9.574103835722447
450,715.4228188012212,9.55584605494834
460,740.2736439547625,9.537356871892259
470,765.5455030365056,9.51864492398793
480,791.2318416256485,9.499718767226172
490,817.3261028710403,9.480586868849246
500,843.8217322676046,9.46125760051766
510,870.7121822605195,9.44173923194453
520,897.9909166754114,9.422039924991074
530,925.6514149733457,9.40216772821556
540,953.6871763300223,9.382130571866735
550,982.0917235390543,9.361936263311739
560,1010.8586067397682,9.341592482887469
570,1039.9814069703698,9.321106780163625
580,1069.4537395477982,9.300486570604805
590,1099.2692572759834,9.279739132618522
600,1129.4216534845646,9.258871604975411
610,1159.9046649005204,9.237890984587544
620,1190.712074355407,9.216804124630372
630,1221.8377133312342,9.195617732993707
640,1253.2754643482303,9.174338371046849
650,1285.0192631979653,9.15297245270304
660,1317.0631010255247,9.131526243768286
670,1349.4010262645625,9.110005861559799
680,1382.0271464292264,9.088417274779266
690,1414.9356297670747,9.066766303626466
700,1448.1207067771684,9.045058620138898
710,1481.5766715976733,9.023299748743364
720,1515.2978832672634,9.001495067005752
730,1549.2787668647507,8.979649806565611
740,1583.5138145313576,8.957769054242442
750,1617.9975863800137,8.93585775330104
760,1652.7247112961304,8.913920704863605
770,1687.689887634222,8.89196256945678
780,1722.8878838147411,8.869987868682191
790,1758.3135388254468,8.848000986999507
800,1793.961762631574,8.826006173611507
810,1829.8275364989731,8.804007544441054
820,1865.9059132343973,8.782009084190365
830,1902.192017346959,8.760014648473406
840,1938.68104513471,8.73802796601269
850,1975.3682647002697,8.71605264089217
860,2012.249015899235,8.694092154858446
870,2049.318710225083,8.672149869662787
880,2086.572830634137,8.650229029437083
890,2124.006931314092,8.628332763097035
900,2161.6166373994474,8.606464086766506
910,2199.397644637136,8.584625906217157
920,2237.3457190054833,8.562821019318017
930,2275.456696289555,8.541052118489887
940,2313.726481615842,8.519321793159904
950,2352.1510489490684,8.497632532211902
960,2390.726440553897,8.475986726428513
970,2429.448766424117,8.45438667092127
980,2468.3142036817917,8.432834567545331
990,2507.318995948839,8.411332527295583
1000,2546.459452693258,8.38988257268134
1010,2585.731948552275,8.368486640076942
1020,2625.132922634448,8.347146582045891
1030,2664.65887780276,8.325864169636391
1040,2704.3063799406136,8.304641094646344
1050,2744.0720572025057,8.283478971856058
1060,2783.95259925115,8.262379341227165
1070,2823.944756482644,8.241343670066401
1080,2864.0453392412746,8.220373355153017
1090,2904.2512170253885,8.199469724828871
1100,2944.559317685753,8.178634041050307
1110,2984.966626617712,8.15786750140107
1120,3025.4701859483666,8.137171241065717
1130,3066.067093719974,8.116546334763019
1140,3106.754503070646,8.09599379863898
1150,3147.529621413383,8.075514592119294
1160,3188.3897096144483,8.055109619720989
1170,3229.3320811719404,8.034779732823278
1180,3270.3541013954637,8.014525731397605
1190,3311.4531865876907,7.994348365696964
1200,3352.626803228519,7.974248337904699
1210,3393.872467162577,7.954226303742989
1220,3435.18774279068,7.934282874041314
1230,3476.5702422658596,7.914418616265248
1240,3518.0176246944993,7.894634056005975
1250,3559.5275953431246,7.874929678430948
1260,3601.0979048512727,7.855305929696184
1270,3642.7263484509276,7.83576321832068
1280,3684.410765192879,7.816301916523517
1290,3726.149037180383,7.796922361524191
1300,3767.9390888104754,7.777624856806785
1310,3809.778886023203,7.758409673348565
1320,3851.6664355590656,7.739277050813661
1330,3893.5997842249326,7.7202271987124504
1340,3935.5770181685875,7.7012602975273
1350,3977.596262162184,7.6823764998053585
1360,4019.655678894702,7.663575931219029
1370,4061.753468273604,7.6448586915948455
1380,4103.887866735793,7.626224855911401
1390,4146.057146568002,7.607674475267023
1400,4188.25961523667,7.589207577817896
1410,4230.493614727433,7.570824169687287
1420,4272.757520894229,7.552524235846587
1430,4315.049742818095,7.534307740968814
1440,4357.368722175675,7.5161746302552865
1450,4399.712932617453,7.498124830236106
1460,4442.080879155723,7.4801582495451315
1470,4484.471097562257,7.462274779670092
1480,4526.882153775703,7.444474295678484
1490,4569.312643318637,7.4267566569199
1500,4611.761190724263,7.409121707705409
1510,4654.226448972675,7.391569277964622
1520,4696.707098936702,7.374099183881035
1530,4739.201848837176,7.356711228506272
1540,4781.709433707636,7.339405202353799
1550,4824.228614868354,7.322180883972696
1560,4866.758179409622,7.30503804050206
1570,4909.296939684185,7.287976428206586
1580,4951.843732808782,7.270995792993875
1590,4994.39742017465,7.254095870914006
1600,5036.956886966929,7.237276388641891
1610,5079.521041692851,7.220537063942924
1620,5122.088815718613,7.203877606122422
1630,5164.659162814822,7.1872977164593514
1640,5207.231058710438,7.170797088624806
1650,5249.803500655042,7.154375409085708
1660,5292.375506989363,7.138032357494188
1670,5334.946116723959,7.121767607063076
1680,5377.514389125887,7.105580824927938
1690,5420.079403313295,7.089471672496084
1700,5462.640257857798,7.0734398057829475
1710,5505.196070394513,7.05748487573624
1720,5547.7459772396505,7.041606528548259
1730,5590.289133015551,7.025804405956741
1740,5632.824710283005,7.010078145534609
1750,5675.3518991808,6.994427380968988
1760,5717.869907072327,6.978851742329811
1770,5760.377958199162,6.963350856328383
1780,5802.875293341467,6.947924346566201
1790,5845.361169485137,6.93257183377437
1800,5887.834859495559,6.917292936043902
1810,5930.295651797842,6.902087269047218
1820,5972.74285006346,6.886954446251134
1830,6015.175772903131,6.871894079121607
1840,6057.59375356587,6.856905777320528
1850,6099.996139644078,6.841989148894816
1860,6142.382292784561,6.827143800458079
1870,6184.751588405372,6.812369337365085
1880,6227.103415418369,6.79766536387929
1890,6269.437175957382,6.783031483333652
1900,6311.752285111879,6.76846729828497
1910,6354.048170666036,6.75397241066195
1920,6396.324272843083,6.739546421907231
1930,6438.58004405487,6.725188933113562
1940,6480.814948656511,6.710899545154348
1950,6523.028462706019,6.6966778588087355
1960,6565.220073728848,6.682523474881444
1970,6607.3892804872285,6.668435994317531
1980,6649.535592754217,6.654415018312232
1990,6691.658531092355,6.640460148416097
2000,6733.757626636845,6.626570986635542
2010,6775.832420883171,6.612747135529004
2020,6817.882465479059,6.598988198298842
2030,6859.907322020677,6.58529377887914
2040,6901.906561853044,6.571663482019555
2050,6943.879765874481,6.558096913365335
2060,6985.826524345099,6.544593679533679
2070,7027.746436699203,6.531153388186533
2080,7069.639111361525,6.517775648099959
2090,7111.504165567241,6.504460069230218
2100,7153.341225185661,6.491206262776663
2110,7195.149924547548,6.478013841241561
2120,7236.929906275949,6.464882418486973
2130,7278.680821120524,6.451811609788772
2140,7320.402327795233,6.438801031887913
2150,7362.094092819389,6.42585030303908
2160,7403.755790361918,6.4129590430567545
2170,7445.387102088853,6.400126873358853
2180,7486.987717013912,6.387353417007989
2190,7528.557331352162,6.37463829875046
2200,7570.095648376648,6.361981145053042
2210,7611.602378277979,6.349381584137672
2220,7653.077238026772,6.3368392460141
2230,7694.51995123889,6.324353762510588
2240,7735.930248043473,6.311924767302716
2250,7777.307864953609,6.299551895940386
2260,7818.652544739694,6.287234785873082
2270,7859.964036305328,6.27497307647345
2280,7901.242094565772,6.262766409059264
2290,7942.486480328871,6.250614426913852
2300,7983.696960178388,6.238516775305017
2310,8024.873306359716,6.226473101502529
2320,8066.015296667938,6.214483054794252
2330,8107.1227143381075,6.202546286500924
2340,8148.1953479378135,6.190662449989682
2350,8189.23299126187,6.1788312006863615
2360,8230.235443229185,6.167052196086622
2370,8271.20250778169,6.155325095765938
2380,8312.133993785323,6.143649561388522
2390,8353.029714933009,6.132025256715198
2400,8393.889489649606,6.120451847610282
2410,8434.71314099877,6.1089290020475095
2420,8475.500496591687,6.09745639011504
2430,8516.251388497647,6.086033684019591
2440,8556.965653156441,6.074660558089717
2450,8597.64313129248,6.063336688778296
2460,8638.283667830665,6.052061754664226
2470,8678.88711181395,6.0408354364533965
2480,8719.45331632254,6.029657416978937
2490,8759.982138394716,6.018527381200794
2500,8800.473438949253,6.007445016204656
2510,8840.927082709377,5.996410011200258
2520,8881.342938128246,5.985422057519087
2530,8921.720877315922,5.974480848611528
2540,8962.060775967797,5.963586080043461
2550,9002.362513294442,5.952737449492338
2560,9042.625971952844,5.941934656742773
2570,9082.851037979039,5.931177403681656
2580,9123.037600722046,5.920465394292811
2590,9163.185552779138,5.90979833465124
2600,9203.294789932384,5.899175932916942
2610,9243.365211086457,5.888597899328356
2620,9283.396718207652,5.87806394619542
2630,9323.38921626413,5.867573787892297
2640,9363.342613167337,5.857127140849752
2650,9403.256819714563,5.8467237235472105
2660,9443.131749532658,5.836363256504533
2670,9482.967319022826,5.8260454622734805
2680,9522.76344730653,5.815770065428932
2690,9562.520056172441,5.805536792559824
2700,9602.237070024437,5.795345372259872
2710,9641.914415830615,5.7851955351180395
2720,9681.552023073313,5.775087013708817
2730,9721.14982370007,5.76501954258227
2740,9760.707752075614,5.7549928582539245
2750,9800.225744934723,5.745006699194449
2760,9839.703741336016,5.735060805819184
2770,9879.141682616671,5.7251549204775065
2780,9918.539512348005,5.715288787442052
2790,9957.897176291906,5.705462152897796
2800,9997.21462235814,5.6956747649310016
2810,10036.491800562446,5.685926373518068
2820,10075.728662985475,5.6762167305142475
2830,10114.925163732514,5.6665455896422685
2840,10154.081258893977,5.656912706480874
2850,10193.19690650667,5.647317838453259
2860,10232.272066515805,5.637760744815446
2870,10271.306700737725,5.628241186644576
2880,10310.300772823372,5.618758926827145
2890,10349.254248222438,5.609313730047178
2900,10388.167094148219,5.599905362774352
2910,10427.039279543118,5.590533593252083
2920,10465.870775044845,5.5811981914855595
2930,10504.661552953232,5.5718989292297545
2940,10543.411587197694,5.562635579977405
2950,10582.12085330531,5.553407918946971
2960,10620.78932836952,5.544215723070571
2970,10659.4169910194,5.535058770981913
2980,10698.003821389542,5.525936843004212
2990,10736.549801090503,5.516849721138101
3000,10775.054913179789,5.507797189049549
3010,10813.519142133435,5.4987790320577785
3020,10851.942473818068,5.489795037123192
3030,10890.324895463567,5.480844992835304
3040,10928.666395636177,5.471928689400704
3050,10966.966964212152,5.463045918631021
3060,11005.226592351919,5.454196473930918
3070,11043.445272474695,5.445380150286106
3080,11081.622998233608,5.436596744251396
3090,11119.75976449125,5.427846053938764
3100,11157.855567295752,5.419127879005468
3110,11195.91040385724,5.4104420206421855
3120,11233.924272524775,5.4017882815611955
3130,11271.89717276371,5.393166465984603
3140,11309.829105133475,5.384576379632596
3150,11347.72007126578,5.376017829711757
3160,11385.57007384321,5.367490624903416
3170,11423.37911657825,5.358994575352051
3180,11461.147204192665,5.3505294926537434
3190,11498.874342397292,5.342095189844672
3200,11536.5605378722,5.33369148138968
3210,11574.2057982472,5.325318183170876
3220,11611.810132082759,5.316975112476308
3230,11649.373548851217,5.3086620879886794
3240,11686.896058918413,5.300378929774141
3250,11724.377673525578,5.292125459271121
3260,11761.818404771631,5.283901499279241
3270,11799.218265595766,5.275706873948267
3280,11836.577269760364,5.267541408767146
3290,11873.895431834233,5.259404930553092
3300,11911.172767176151,5.251297267440746
3310,11948.409291918695,5.243218248871393
3320,11985.605022952412,5.23516770558225
3330,12022.759977910227,5.22714546959582
3340,12059.874175152177,5.219151374209311
3350,12096.947633750417,5.211185253984128
3360,12133.980373474496,5.203246944735432
3370,12170.972414776883,5.195336283521757
3380,12207.923778778819,5.187453108634717
3390,12244.83448725635,5.179597259588764
3400,12281.704562626684,5.171768577111026
3410,12318.534027934751,5.163966903131215
3420,12355.322906840032,5.156192080771602
3430,12392.071223603627,5.148443954337061
3440,12428.779003075542,5.140722369305195
3450,12465.446270682238,5.133027172316521
3460,12502.07305241438,5.125358211164735
3470,12538.659374814808,5.117715334787041
3480,12575.205264966764,5.110098393254563
3490,12611.710750482282,5.102507237762812
3500,12648.175859490828,5.094941720622245
3510,12684.600620628127,5.087401695248877
3520,12720.985063025211,5.079887016154976
3530,12757.329216297621,5.072397538939828
3540,12793.63311053488,5.064933120280571
3550,12829.89677629008,5.057493617923101
3560,12866.120244569713,5.050078890673049
3570,12902.303546823641,5.042688798386836
3580,12938.446714935304,5.035323201962785
3590,12974.549781212045,5.027981963332322
3600,13010.61277837565,5.020664945451231
3610,13046.635739553036,5.013372012290991
3620,13082.618698267132,5.006103028830173
3630,13118.5616884279,4.998857861045925
3640,13154.464744323534,4.991636375905505
3650,13190.327900611795,4.984438441357894
3660,13226.151192311554,4.977263926325488
3670,13261.934654794411,4.970112700695837
3680,13297.678323776541,4.962984635313473
3690,13333.38223531063,4.955879601971796
3700,13369.046425777986,4.948797473405032
3710,13404.670931880788,4.941738123280254
3720,13440.25579063447,4.934701426189479
3730,13475.80103936023,4.927687257641821
3740,13511.30671567771,4.9206954940557255
3750,13546.77285749777,4.913726012751251
3760,13582.199503015392,4.9067786919424385
3770,13617.586690702756,4.8998534107297305
3780,13652.934459302392,4.8929500490924545
3790,13688.242847820475,4.886068487881389
3800,13723.51189552023,4.879208608811377
3810,13758.74164191548,4.872370294454004
3820,13793.932126764288,4.865553428230356
3830,13829.083390062704,4.85875789440382
3840,13864.195472038664,4.8519835780729625
3850,13899.268413145946,4.845230365164461
3860,13934.302254058279,4.838498142426105
3870,13969.297035663541,4.831786797419858
3880,14004.252799058046,4.825096218514971
3890,14039.16958554096,4.818426294881168
3900,14074.047436608798,4.81177691648189
3910,14108.886393950037,4.8051479740675935
3920,14143.686499439795,4.798539359169115
3930,14178.447795134649,4.791950964091086
3940,14213.170323267503,4.78538268190542
3950,14247.854126242579,4.7788344064448465
3960,14282.49924663048,4.7723060322965
3970,14317.105727163347,4.765797454795588
3980,14351.673610730119,4.759308570019083
3990,14386.202940371837,4.752839274779503
4000,14420.693759277077,4.746389466618724
4010,14455.146110777441,4.7399590438018615
4020,14489.560038343137,4.733547905311205
4030,14523.935585578623,4.727155950840204
4040,14558.27279621836,4.720783080787507
4050,14592.571714122605,4.7144291962510625
4060,14626.832383273315,4.708094199022267
4070,14661.054847770087,4.701777991580163
4080,14695.239151826212,4.6954804770857
4090,14729.385339764765,4.689201559376034
4100,14763.493456014792,4.682941142958896
4110,14797.563545107532,4.6766991330069905
4120,14831.59565167275,4.670475435352465
4130,14865.58982043511,4.664269956481415
4140,14899.546096210608,4.658082603528447
4150,14933.464523903083,4.651913284271293
4160,14967.345148500797,4.64576190712546
4170,15001.188015073058,4.639628381138952
4180,15034.993168766909,4.63351261598701
4190,15068.7606548039,4.627414521966934
4200,15102.490518476865,4.621334009992915
4210,15136.18280514684,4.615270991590953
4220,15169.837560239936,4.60922537889379
4230,15203.454829244354,4.603197084635904
4240,15237.03465770743,4.597186022148548
4250,15270.577091232692,4.591192105354829
4260,15304.082175477026,4.585215248764842
4270,15337.549956147868,4.579255367470833
4280,15370.980479000453,4.573312377142423
4290,15404.373789835096,4.567386194021861
4300,15437.729934494557,4.561476734919333
4310,15471.048958861433,4.555583917208308
4320,15504.330908855587,4.549707658820919
4330,15537.575830431655,4.543847878243403
4340,15570.78376957656,4.538004494511569
4350,15603.954772307105,4.532177427206313
4360,15637.088884667606,4.526366596449172
4370,15670.186152727543,4.520571922897923
4380,15703.246622579278,4.514793327742212
4390,15736.270340335817,4.509030732699239
4400,15769.257352128585,4.503284060009466
4410,15802.20770410528,4.4975532324323755
4420,15835.121442427746,4.491838173242261
4430,15867.998613269876,4.486138806224061
4440,15900.839262815585,4.48045505566923
4450,15933.643437256786,4.47478684637164
4460,15966.41118279142,4.469134103623534
4470,15999.142545621533,4.4634967532114995
4480,16031.837571951372,4.457874721412493
4490,16064.496307985512,4.452267934989891
4500,16097.118799927059,4.446676321189582
4510,16129.705093975808,4.441099807736095
4520,16162.255236326542,4.435538322828761
4530,16194.769273167254,4.429991795137905
4540,16227.247250677483,4.424460153801082
4550,16259.68921502665,4.4189433284193385
4560,16292.095212372413,4.413441249053521
4570,16324.465288859075,4.407953846220596
4580,16356.799490616031,4.402481050890028
4590,16389.0978637562,4.397022794480174
4600,16421.360454374546,4.391579008854713
4610,16453.587308546565,4.386149626319117
4620,16485.778472326863,4.380734579617145
4630,16517.933991747712,4.375333801927368
4640,16550.05391281766,4.369947226859734
4650,16582.138281520172,4.364574788452158
4660,16614.18714381226,4.359216421167139
4670,16646.20054562319,4.353872059888421
4680,16678.178532853184,4.348541639917668
4690,16710.121151372146,4.343225096971182
4700,16742.028447018434,4.33792236717664
4710,16773.900465597628,4.332633387069871
4720,16805.737252881354,4.327358093591655
4730,16837.53885460609,4.3220964240845525
4740,16869.30531647205,4.316848316289763
4750,16901.036684142036,4.311613708344011
4760,16932.73300324035,4.306392538776462
4770,16964.39431935171,4.301184746505663
4780,16996.02067802019,4.295990270836514
4790,17027.612124748186,4.290809051457262
4800,17059.168704995405,4.28564102843653
4810,17090.69046417787,4.280486142220364
4820,17122.177447666934,4.275344333629311
4830,17153.629700788333,4.270215543855521
4840,17185.04726882126,4.265099714459877
4850,17216.43019699744,4.259996787369154
4860,17247.77853050022,4.254906704873187
4870,17279.092314463727,4.249829409622093
4880,17310.371593971962,4.244764844623485
4890,17341.61641405799,4.239712953239743
4900,17372.826819703114,4.2346736791852795
4910,17404.00285583605,4.229646966523849
4920,17435.14456733215,4.224632759665878
4930,17466.251999012635,4.219631003365811
4940,17497.325195643814,4.2146416427194895
4950,17528.364201936372,4.209664623161548
4960,17559.36906254463,4.2046998904628365
4970,17590.33982206583,4.199747390727862
4980,17621.27652503947,4.19480707039226
4990,17652.17921594658,4.189878876220276
5000,17683.047939209104,4.184962755302284
5010,17713.88273918923,4.180058655052319
5020,17744.68366018875,4.175166523205623
5030,17775.45074644846,4.170286307816235
5040,17806.184042147535,4.165417957254574
5050,17836.88359140294,4.160561420205074
5060,17867.549438268867,4.15571664566381
5070,17898.181626736143,4.150883582936167
5080,17928.780200731704,4.146062181634515
5090,17959.345204118035,4.141252391675915
5100,17989.876680692665,4.136454163279838
5110,18020.374674187613,4.13166744696591
5120,18050.839228268935,4.126892193551664
5130,18081.2703865362,4.122128354150334
5140,18111.668192522015,4.117375880168644
5150,18142.032689691576,4.112634723304632
5160,18172.363921442182,4.107904835545487
5170,18202.661931102823,4.103186169165406
5180,18232.92676193373,4.098478676723472
5190,18263.15845712594,4.0937823110615446
5200,18293.35705980091,4.089097025302173
5210,18323.5226130101,4.084422772846527
5220,18353.65515973458,4.079759507372348
5230,18383.754742884656,4.075107182831907
5240,18413.821405299488,4.070465753450001
5250,18443.855189746748,4.065835173721938
5260,18473.85613892225,4.061215398411572
5270,18503.8242954496,4.056606382549324
5280,18533.759701879906,4.052008081430244
5290,18563.6624006914,4.047420450612075
5300,18593.53243428915,4.0428434459133396
5310,18623.369845004752,4.038277023411443
5320,18653.17467509604,4.03372113944079
5330,18682.946966746767,4.0291757505909205
5340,18712.68676206637,4.024640813704657
5350,18742.39410308965,4.020116285876275
5360,18772.06903177655,4.015602124449682
5370,18801.711590011866,4.0110982870166145
5380,18831.321819605015,4.0066047314148525
5390,18860.899762289788,4.002121415726446
5400,18890.445459724117,3.997648298275957
5410,18919.958953489866,3.993185337628721
5420,18949.440285092584,3.988732492589114
5430,18978.889495961303,3.984289722198845
5440,19008.306627448357,3.9798569857352555
5450,19037.691720829156,3.9754342427096327
5460,19067.044817301998,3.971021452865547
5470,19096.365957987906,3.966618576177189
5480,19125.655183930423,3.962225572847732
5490,19154.91253609548,3.957842403307704
5500,19184.13805537118,3.9534690282133713
5510,19213.33178256768,3.9491054084451394
5520,19242.493758417037,3.9447515051059674
5530,19271.624023573033,3.940407279519791
5540,19300.722618611075,3.9360726932299652
5550,19329.789584028018,3.931747707997714
5560,19358.824960242076,3.9274322858005966
5570,19387.828787592676,3.923126388830987
5580,19416.80110634035,3.918829979494562
5590,19445.741956666614,3.9145430204088085
5600,19474.65137867388,3.9102654744015353
5610,19503.52941238533,3.9059973045094045
5620,19532.376097744847,3.901738473976471
5630,19561.191474616902,3.897488946252733
5640,19589.975582786486,3.893248684992701
5650,19618.72846195901,3.88901765405397
5660,19647.450151760244,3.8847958174958106
5670,19676.140691736247,3.8805831395777663
5680,19704.80012135329,3.876379584758267
5690,19733.4284799978,3.872185117693252
5700,19762.025806976293,3.8679997032348026
5710,19790.59214151535,3.863823306429788
5720,19819.127522761522,3.8596558925185245
5730,19847.631989781334,3.8554974269334377
5740,19876.10558156121,3.8513478752977477
5750,19904.548337007443,3.8472072034241522
5760,19932.960294946188,3.8430753773135318
5770,19961.341494123397,3.8389523631536555
5780,19989.69197320482,3.8348381273179073
5790,20018.011770775975,3.830732636364014
5800,20046.30092534213,3.826635857032789
5810,20074.559475328304,3.8225477562468826
5820,20102.78745907923,3.8184683011095477
5830,20130.984914859382,3.814397458903409
5840,20159.15188085295,3.8103351970892465
5850,20187.288395163843,3.8062814833047875
5860,20215.394495815715,3.8022362853635103
5870,20243.470220751933,3.7981995712534515
5880,20271.515607835638,3.794171309136033
5890,20299.53069484971,3.7901514673448884
5900,20327.515519496817,3.786140014384704
5910,20355.470119399433,3.7821369189300706
5920,20383.394532099846,3.778142149824339
5930,20411.288795060198,3.774155676078491
5940,20439.152945662518,3.770177466870012
5950,20466.987021208723,3.766207491541783
5960,20494.791058920706,3.76224571960097
5970,20522.565095940325,3.7582921207179307
5980,20550.30916932947,3.7543466647251265
5990,20578.023316070103,3.7504093216160435
6000,20605.70757306429,3.7464800615441205
6010,20633.361977134264,3.7425588548216906
6020,20660.98656502248,3.738645671918926
6030,20688.581373391644,3.73474048346279
6040,20716.1464388248,3.730843260236009
6050,20743.68179782536,3.7269539731760335
6060,20771.187486817184,3.7230725933740247
6070,20798.663542144637,3.7191990920738403
6080,20826.110000072647,3.715333440671029
6090,20853.526896786778,3.711475610711838
6100,20880.914268393302,3.7076255738922175
6110,20908.272150919267,3.703783302056848
6120,20935.600580312574,3.699948767198162
6130,20962.899592442038,3.696121941455379
6140,20990.169223097488,3.69230279711355
6150,21017.409507989836,3.6884913066026055
6160,21044.620482751146,3.684687442496413
6170,21071.802182934738,3.6808911775118416
6180,21098.95464401526,3.677102484507832
6190,21126.077901388784,3.6733213364844794
6200,21153.17199037288,3.669547706582115
6210,21180.23694620672,3.665781568080404
6220,21207.27280405117,3.662022894397441
6230,21234.27959898887,3.658271659088861
6240,21261.257366024343,3.654527835846953
6250,21288.20614008409,3.6507913984997793
6260,21315.12595601668,3.6470623210103046
6270,21342.016848592855,3.643340577475531
6280,21368.87885250564,3.6396261421256386
6290,21395.712002370426,3.6359189893231343
6300,21422.516332725096,3.632219093562004
6310,21449.29187803012,3.628526429466876
6320,21476.03867266866,3.624840971792188
6330,21502.75675094667,3.6211626954213596
6340,21529.446147093044,3.617491575365974
6350,21556.106895259676,3.613827586764962
6360,21582.739029521606,3.6101707048837985
6370,21609.342583877125,3.606520905113697
6380,21635.917592247886,3.602878162970818
6390,21662.464088479024,3.599242454095478
6400,21688.98210633927,3.5956137542513664
6410,21715.47167952107,3.591992039324769
6420,21741.932841640708,3.588377285323798
6430,21768.36562623842,3.584769468377624
6440,21794.77006677853,3.581168564735718
6450,21821.14619664954,3.577574550767099
6460,21847.494049164292,3.573987402959583
6470,21873.813657560066,3.5704070979190408
6480,21900.10505499872,3.5668336123686664
6490,21926.36827456681,3.5632669231482366
6500,21952.60334927571,3.5597070072133943
6510,21978.81031206176,3.5561538416349214
6520,22004.989195786373,3.5526074035980284
6530,22031.14003323618,3.5490676704016426
6540,22057.26285712315,3.5455346194577033
6550,22083.35770008473,3.5420082282904644
6560,22109.424594683976,3.5384884745358005
6570,22135.46357340968,3.5349753359405174
6580,22161.474668676507,3.53146879036167
6590,22187.45791282513,3.527968815765881
6600,22213.413338122366,3.5244753902286714
6610,22239.340976761316,3.5209884919337906
6620,22265.240860861486,3.5175080991725522
6630,22291.11302246894,3.514034190343177
6640,22316.95749355643,3.510566743950138
6650,22342.77430602354,3.507105738603513
6660,22368.563491696823,3.5036511530183407
6670,22394.325082329928,3.5002029660139793
6680,22420.05910960376,3.4967611565134766
6690,22445.765605126617,3.4933257035429346
6700,22471.444600434315,3.4898965862308895
6710,22497.096126990342,3.4864737838076865
6720,22522.720216186004,3.4830572756048697
6730,22548.316899340563,3.479647041054562
6740,22573.886207701376,3.476243059688868
6750,22599.42817244404,3.4728453111392645
6760,22624.94282467255,3.469453775136005
6770,22650.430195419427,3.466068431507524
6780,22675.89031564585,3.4626892601798507
6790,22701.32321624185,3.459316241176022
6800,22726.728928026398,3.4559493546155013
6810,22752.1074817476,3.4525885807136025
6820,22777.458908082805,3.449233899780916
6830,22802.78323763877,3.445885292222744
6840,22828.080500951823,3.4425427385385308
6850,22853.350728487967,3.4392062193213078
6860,22878.593950643073,3.435875715257136
6870,22903.810197742994,3.4325512071245514
6880,22928.99950004374,3.4292326757940197
6890,22954.16188773161,3.425920102227391
6900,22979.29739092334,3.422613467477359
6910,23004.40603966626,3.4193127526869276
6920,23029.48786393845,3.4160179390888734
6930,23054.542893648868,3.412729008005221
6940,23079.57115863751,3.4094459408467173
6950,23104.57268867558,3.40616871911231
6960,23129.5475134656,3.4028973243886287
6970,23154.4956626416,3.399631738349474
6980,23179.41716576923,3.3963719427553056
6990,23204.312052345955,3.3931179194527354
7000,23229.18035180117,3.389869650374027
7010,23254.02209349637,3.3866271175365945
7020,23278.837306725272,3.3833903030425065
7030,23303.626020714026,3.380159189077995
7040,23328.3882646213,3.3769337579129663
7050,23353.124067538465,3.373713991900517
7060,23377.83345848976,3.370499873476448
7070,23402.516466432404,3.3672913851587927
7080,23427.17312025678,3.364088509547335
7090,23451.803448786573,3.3608912293231437
7100,23476.40748077893,3.357699527248098
7110,23500.985244924592,3.3545133861644287
7120,23525.536769848084,3.3513327889942515
7130,23550.06208410783,3.348157718739111
7140,23574.561216196325,3.3449881584795254
7150,23599.03419454027,3.3418240913745305
7160,23623.481047500747,3.338665500661237
7170,23647.90180337336,3.335512369654379
7180,23672.296490388373,3.332364681745875
7190,23696.665136710893,3.329222420404385
7200,23721.007770440996,3.3260855691748774
7210,23745.324419613884,3.3229541116781913
7220,23769.61511220005,3.3198280316106095
7230,23793.87987610541,3.316707312743429
7240,23818.11873917148,3.3135919389225372
7250,23842.3317291755,3.3104818940679896
7260,23866.51887383061,3.307377162173591
7270,23890.680200785988,3.304277727306479
7280,23914.815737627,3.301183573606714
7290,23938.92551187536,3.298094685286865
7300,23963.00955098929,3.295011046631604
7310,23987.067882363644,3.291932641997302
7320,24011.100533330085,3.2888594558116275
7330,24035.107531157228,3.2857914725731443
7340,24059.088903050786,3.2827286768509194
7350,24083.044676153728,3.2796710532841282
7360,24106.974877546425,3.2766185865816597
7370,24130.87953424681,3.273571261521735
7380,24154.758673210516,3.2705290629515167
7390,24178.61232133104,3.267491975786727
7400,24202.44050543988,3.26445998501127
7410,24226.243252306696,3.261433075676849
7420,24250.020588639465,3.258411232902595
7430,24273.772541084607,3.2553944418746967
7440,24297.49913622716,3.252382687846021
7450,24321.200400590926,3.2493759561357556
7460,24344.876360638606,3.246374232129037
7470,24368.527042771966,3.2433775012765937
7480,24392.15247333198,3.2403857490943793
7490,24415.752678598976,3.237398961163219
7500,24439.327684792792,3.2344171231284555
7510,24462.87751807292,3.231440220699591
7520,24486.402204538652,3.228468239649941
7530,24509.901770229248,3.2255011658162847
7540,24533.37624112405,3.2225389850985184
7550,24556.825643142653,3.2195816834593125
7560,24580.250002145065,3.2166292469237705
7570,24603.64934393183,3.213681661579089
7580,24627.023694244173,3.210738913574223
7590,24650.373078764183,3.2078009891195487
7600,24673.697523114915,3.204867874486533
7610,24696.997052860577,3.201939556007402
7620,24720.271693506642,3.199016020074816
7630,24743.521470500025,3.1960972531415397
7640,24766.74640922921,3.193183241720123
7650,24789.9465350244,3.190273972382576
7660,24813.121873157666,3.187369431760052
7670,24836.272448843094,3.184469606542529
7680,24859.39828723693,3.181574483478496
7690,24882.499413437716,3.1786840493746387
7700,24905.575852486447,3.1757982910955294
7710,24928.627629366714,3.1729171955633175
7720,24951.654769004843,3.1700407497574234
7730,24974.65729627004,3.1671689407142334
7740,24997.635235974543,3.1643017555267976
7750,25020.58861287375,3.161439181344527
7760,25043.517451666386,3.1585812053728968
7770,25066.42177699462,3.155727814873148
7780,25089.301613444233,3.152878997161995
7790,25112.15698554474,3.150034739611328
7800,25134.987917769555,3.1471950296479267
7810,25157.7944345361,3.1443598547531684
7820,25180.576560205976,3.141529202462741
7830,25203.33431908511,3.138703060366358
7840,25226.067735423854,3.1358814161074755
7850,25248.77683341718,3.1330642573830074
7860,25271.461637204786,3.1302515719430506
7870,25294.122170871244,3.127443347590601
7880,25316.75845844615,3.1246395721812825
7890,25339.370523904247,3.1218402336230686
7900,25361.958391165583,3.119045319876012
7910,25384.52208409564,3.1162548189519725
7920,25407.061626505474,3.1134687189143473
7930,25429.577042151865,3.110687007877804
7940,25452.06835473744,3.1079096740080168
7950,25474.535587910814,3.1051367055213976
7960,25496.978765266744,3.1023680906848385
7970,25519.397910346248,3.099603817815449
7980,25541.793046636747,3.096843875280295
7990,25564.16419757222,3.0940882514961463
8000,25586.51138653331,3.091336934929216
8010,25608.83463684749,3.088589914094908
8020,25631.133971789175,3.085847177557566
8030,25653.40941457989,3.0831087139302213
8040,25675.660988388365,3.080374511874343
8050,25697.888716330708,3.07764456009959
8060,25720.092621470518,3.0749188473635676
8070,25742.272726819017,3.072197362471581
8080,25764.429055335215,3.0694800942763907
8090,25786.561629926007,3.0667670316779736
8100,25808.67047344633,3.064058163623282
8110,25830.75560869929,3.061353479106006
8120,25852.817058436292,3.0586529671663336
8130,25874.854845357182,3.0559566168907204
8140,25896.86899211038,3.0532644174116506
8150,25918.859521292994,3.050576357907407
8160,25940.82645545098,3.047892427601841
8170,25962.769817079246,3.0452126157641386
8180,25984.689628621818,3.042536911708598
8190,26006.585912471943,3.039865304794399
8200,26028.458690972206,3.0371977844253784
8210,26050.307986414722,3.0345343400498086
8220,26072.133821041207,3.0318749611601707
8230,26093.93621704312,3.029219637292937
8240,26115.715196561825,3.0265683580283502
8250,26137.470781688673,3.023921112990204
8260,26159.202994465188,3.0212778918456284
8270,26180.911856883125,3.018638684304872
8280,26202.597390884657,3.016003480121088
8290,26224.2596183625,3.013372269090123
8300,26245.898561159986,3.010745041050302
8310,26267.514241071265,3.008121785882222
8320,26289.10667984138,3.00550249350854
8330,26310.67589916641,3.0028871538937674
8340,26332.2219206936,3.0002757570440606
8350,26353.74476602149,2.997668293007019
8360,26375.244456700028,2.99506475187148
8370,26396.7210142307,2.9924651237673148
8380,26418.174460066686,2.989869398865229
8390,26439.604815612918,2.9872775673765624
8400,26461.012102226283,2.984689619553087
8410,26482.396341215688,2.9821055456868146
8420,26503.757553842202,2.979525336109795
8430,26525.095761319215,2.976948981193923
8440,26546.410984812486,2.974376471350747
8450,26567.703245440345,2.971807797031268
8460,26588.972564273776,2.969242948725759
8470,26610.21896233654,2.9666819169635636
8480,26631.442460605293,2.9641246923129154
8490,26652.643080009737,2.961571265380742
8500,26673.82084143271,2.959021626812485
8510,26694.975765710333,2.956475767291908
8520,26716.1078736321,2.9539336775409173
8530,26737.21718594103,2.951395348319371
8540,26758.30372333376,2.948860770424905
8550,26779.36750646071,2.9463299346927436
8560,26800.40855592613,2.9438028319955243
8570,26821.42689228829,2.941279453243116
8580,26842.422536059574,2.9387597893824426
8590,26863.395507706577,2.936243831397302
8600,26884.34582765025,2.9337315703081948
8610,26905.273516266017,2.931222997172146
8620,26926.178593883873,2.9287181030825327
8630,26947.061080788524,2.926216879168909
8640,26967.920997219502,2.9237193165968365
8650,26988.75836337125,2.9212254065677112
8660,27009.573199393286,2.9187351403185966
8670,27030.365525390305,2.9162485091220516
8680,27051.135361422246,2.9137655042859643
8690,27071.882727504504,2.9112861171533844
8700,27092.607643607946,2.908810339102358
8710,27113.310129659083,2.906338161545764
8720,27133.99020554019,2.9038695759311457
8730,27154.64789108938,2.901404573740553
8740,27175.283206100736,2.8989431464903785
8750,27195.896170324457,2.8964852857311945
8760,27216.48680346692,2.8940309830475965
8770,27237.055125190825,2.8915802300580413
8780,27257.6011551153,2.88913301841469
8790,27278.12491281602,2.886689339803252
8800,27298.62641782529,2.884249185942826
8810,27319.10568963221,2.881812548585746
8820,27339.562747682736,2.8793794195174285
8830,27359.99761137982,2.8769497905562154
8840,27380.410300083495,2.8745236535532235
8850,27400.800833111032,2.872101000392194
8860,27421.169229737003,2.869681822989339
8870,27441.515509193414,2.867266113293193
8880,27461.839690669818,2.864853863284463
8890,27482.141793313385,2.862445064975882
8900,27502.421836229092,2.8600397104120603
8910,27522.67983847975,2.8576377916693376
8920,27542.91581908615,2.8552393008556414
8930,27563.12979702717,2.8528442301103367
8940,27583.321791239883,2.8504525716040883
8950,27603.491820619653,2.8480643175387117
8960,27623.639904020267,2.845679460147035
8970,27643.766060253998,2.843297991692757
8980,27663.870308091762,2.840919904470304
8990,27683.952666263198,2.8385451908046924
9000,27704.01315345677,2.8361738430513888
9010,27724.051788319885,2.8338058535961723
9020,27744.06858945899,2.831441214854995
9030,27764.063575439694,2.82907991927385
9040,27784.03676478684,2.826721959328631
9050,27803.988175984647,2.8243673275249983
9060,27823.9178274768,2.8220160163982473
9070,27843.82573766652,2.8196680185131715
9080,27863.71192491673,2.817323326463932
9090,27883.57640755013,2.8149819328739234
9100,27903.419203849262,2.812643830395646
9110,27923.24033205668,2.810309011710572
9120,27943.039810375005,2.807977469529017
9130,27962.81765696706,2.8056491965900126
9140,27982.57388995593,2.8033241856611752
9150,28002.308527425106,2.801002429538581
9160,28022.02158741856,2.7986839210466385
9170,28041.713087940865,2.796368653037962
9180,28061.383046957264,2.7940566183932463
9190,28081.03148239381,2.7917478100211426
9200,28100.658412137447,2.789442220858135
9210,28120.2638540361,2.787139843868416
9220,28139.84782589879,2.7848406720437646
9230,28159.410345495737,2.7825446984034263
9240,28178.95143055843,2.780251915993988
9250,28198.471098779773,2.777962317889261
9260,28217.969367814127,2.775675897190161
9270,28237.446255277464,2.7733926470245867
9280,28256.901778747415,2.7711125605473037
9290,28276.33595576341,2.7688356309398263
9300,28295.748803826747,2.7665618514102994
9310,28315.1403404007,2.764291215193384
9320,28334.51058291061,2.7620237155501384
9330,28353.85954874399,2.7597593457679066
9340,28373.18725525061,2.7574980991602023
9350,28392.493719742604,2.7552399690665945
9360,28411.77895949457,2.7529849488525944
9370,28431.042991743634,2.7507330319095447
9380,28450.28583368958,2.748484211654505
9390,28469.507502494933,2.7462384815301433
9400,28488.708015285047,2.743995835004622
9410,28507.887389148207,2.741756265571491
9420,28527.0456411357,2.739519766749577
9430,28546.18278826197,2.7372863320828755
9440,28565.298847504637,2.73505595514044
9450,28584.39383580463,2.7328286295162774
9460,28603.467770066265,2.7306043488292393
9470,28622.52066715737,2.728383106722917
9480,28641.552543909333,2.7261648968655336
9490,28660.563417117206,2.72394971294984
9500,28679.553303539826,2.7217375486930107
9510,28698.522219899853,2.719528397836539
9520,28717.47018288393,2.717322254146134
9530,28736.397209142706,2.715119111411616
9540,28755.303315290963,2.712918963446817
9550,28774.188517907714,2.710721804089477
9560,28793.052833536254,2.7085276272011423
9570,28811.896278684304,2.7063364266670655
9580,28830.718869824042,2.704148196396107
9590,28849.520623392244,2.7019629303206325
9600,28868.301555790335,2.699780622396416
9610,28887.061683384498,2.69760126660254
9620,28905.80102250575,2.6954248569412997
9630,28924.519589450058,2.693251387438102
9640,28943.21740047839,2.6910808521413725
9650,28961.894471816813,2.6889132451224564
9660,28980.550819656608,2.6867485604755235
9670,28999.186460154306,2.6845867923174738
9680,29017.80140943182,2.6824279347878406
9690,29036.395683576528,2.680271982048699
9700,29054.96929864132,2.67811892828457
9710,29073.52227064474,2.675968767702328
9720,29092.05461557101,2.673821494531108
9730,29110.566349370172,2.6716771030222115
9740,29129.057487958155,2.6695355874490208
9750,29147.528047216823,2.6673969421069
9760,29165.978042994117,2.6652611613131083
9770,29184.40749110411,2.66312823940671
9780,29202.81640732709,2.660998170748484
9790,29221.204807409646,2.6588709497208334
9800,29239.572707064777,2.6567465707276994
9810,29257.92012197191,2.6546250281944688
9820,29276.24706777707,2.652506316567892
9830,29294.553560092892,2.6503904303159893
9840,29312.83961449875,2.648277363927969
9850,29331.1052465408,2.646167111914136
9860,29349.350471732098,2.6440596688058124
9870,29367.57530555266,2.641955029155246
9880,29385.77976344956,2.639853187535528
9890,29403.96386083698,2.637754138540508
9900,29422.127613096338,2.63565787678471
9910,29440.271035576334,2.633564396903247
9920,29458.394143593032,2.631473693551741
9930,29476.496952429974,2.6293857614062377
9940,29494.579477338193,2.6273005951631245
9950,29512.641733536388,2.6252181895390487
9960,29530.683736210907,2.6231385392708364
9970,29548.705500515898,2.6210616391154113
9980,29566.707041573347,2.6189874838497134
9990,29584.688374473175,2.6169160682706196
10000,29602.649514273326,2.6148473871948634
10010,29620.59047599981,2.612781435458956
10020,29638.511274646815,2.6107182079191067
10030,29656.411925176784,2.608657699451145
10040,29674.292442520455,2.606599904950442
10050,29692.152841576994,2.6045448193318324
10060,29709.993137214035,2.6024924375295395
10070,29727.813344267764,2.600442754497094
10080,29745.613477543004,2.598395765207262
10090,29763.393551813286,2.596351464651966
10100,29781.153581820923,2.5943098478422106
10110,29798.893582277073,2.592270909808006
10120,29816.613567861874,2.590234645598295
10130,29834.313553224434,2.5882010502808765
10140,29851.99355298296,2.5861701189423325
10150,29869.65358172485,2.5841418466879547
10160,29887.29365400671,2.582116228641669
10170,29904.91378435446,2.580093259945966
10180,29922.513987263424,2.5780729357618255
10190,29940.094277198383,2.576055251268645
10200,29957.654668593656,2.5740402016641704
10210,29975.195175853158,2.5720277821644197
10220,29992.715813350507,2.5700179880036162
10230,30010.21659542906,2.568010814434115
10240,30027.69753640204,2.566006256726336
10250,30045.158650552527,2.5640043101686896
10260,30062.599952133613,2.56200497006751
10270,30080.021455368427,2.560008231746986
10280,30097.423174450218,2.55801409054909
10290,30114.80512354243,2.556022541833512
10300,30132.167316778767,2.5540335809775887
10310,30149.509768263277,2.552047203376239
10320,30166.832492070433,2.550063404441894
10330,30184.135502245153,2.5480821796044295
10340,30201.418812802935,2.546103524311101
10350,30218.682437729876,2.5441274340264775
10360,30235.926390982793,2.542153904232373
10370,30253.150686489244,2.540182930427782
10380,30270.355338147623,2.5382145081288154
10390,30287.54035982723,2.536248632868634
10400,30304.70576536836,2.534285300197382
10410,30321.8515685823,2.5323245056821273
10420,30338.977783251496,2.530366244906792
10430,30356.08442312955,2.5284105134720933
10440,30373.17150194133,2.5264573069954768
10450,30390.239033382997,2.524506621111055
10460,30407.287031122134,2.522558451469543
10470,30424.315508797743,2.520612793738199
10480,30441.32448002037,2.5186696436007576
10490,30458.313958372157,2.516728996757373
10500,30475.283957406886,2.5147908489245534
10510,30492.234490650073,2.5128551958351015
10520,30509.165571599042,2.510922033238054
10530,30526.07721372295,2.508991356898619
10540,30542.96943046291,2.50706316259812
10550,30559.842235232005,2.505137446133929
10560,30576.695641415397,2.503214203319414
10570,30593.52966237036,2.501293429983875
10580,30610.344311426357,2.4993751219724865
10590,30627.139601885145,2.4974592751462388
10600,30643.915547020748,2.4955458853818784
10610,30660.672160079623,2.4936349485718514
10620,30677.409454280663,2.4917264606242444
10630,30694.127442815305,2.4898204174627265
10640,30710.826138847522,2.487916815026494
10650,30727.505555513984,2.486015649270211
10660,30744.165705924053,2.484116916163955
10670,30760.806603159872,2.4822206116931573
10680,30777.42826027642,2.480326731858549
10690,30794.030690301603,2.4784352726761063
10700,30810.613906236256,2.4765462301769907
10710,30827.17792105428,2.474659600407497
10720,30843.722747702675,2.4727753794289993
10730,30860.24839910157,2.4708935633178912
10740,30876.754888144336,2.4690141481655363
10750,30893.24222769763,2.467137130078211
10760,30909.71043060145,2.4652625051770523
10770,30926.159509669204,2.4633902695980012
10780,30942.58947768777,2.461520419491753
10790,30959.000347417554,2.459652951023702
10800,30975.39213159259,2.4577878603738887
10810,30991.764842920515,2.4559251437369474
10820,31008.11849408273,2.454064797322052
10830,31024.453097734382,2.452206817352868
10840,31040.76866650449,2.4503512000674963
10850,31057.06521299594,2.448497941718424
10860,31073.342749785596,2.446647038572471
10870,31089.60128942436,2.4447984869107433
10880,31105.84084443719,2.4429522830285753
10890,31122.06142732319,2.4411084232354847
10900,31138.26305055568,2.43926690385512
10910,31154.445726582235,2.4374277212252102
10920,31170.609467824746,2.4355908716975154
10930,31186.75428667949,2.433756351637777
10940,31202.88019551718,2.4319241574256676
10950,31218.987206683036,2.4300942854547443
10960,31235.07533249681,2.4282667321323954
10970,31251.14458525292,2.426441493879796
10980,31267.19497722041,2.424618567131857
10990,31283.226520643067,2.422797948337178
11000,31299.23922773949,2.4209796339579985
11010,31315.233110703106,2.4191636204701505
11020,31331.208181702263,2.417349904363012
11030,31347.164452880257,2.4155384821394565
11040,31363.101936355422,2.4137293503158106
11050,31379.02064422115,2.411922505421803
11060,31394.920588545996,2.4101179440005214
11070,31410.801781373673,2.408315662608361
11080,31426.664234723183,2.406515657814985
11090,31442.50796058881,2.404717926203273
11100,31458.332970940202,2.4029224643692784
11110,31474.139277722417,2.401129268922182
11120,31489.926892856005,2.3993383364842464
11130,31505.695828237032,2.3975496636907714
11140,31521.446095737163,2.3957632471900485
11150,31537.177707203693,2.393979083643317
11160,31552.89067445961,2.3921971697247195
11170,31568.58500930367,2.390417502121257
11180,31584.260723510422,2.388640077532745
11190,31599.91782883028,2.3868648926717713
11200,31615.556336989568,2.38509194426365
11210,31631.176259690605,2.3833212290463788
11220,31646.7776086117,2.381552743770598
11230,31662.360395407253,2.3797864851995443
11240,31677.92463170782,2.3780224501090097
11250,31693.470329120122,2.3762606352872995
11260,31708.99749922711,2.3745010375351887
11270,31724.50615358806,2.37274365366588
11280,31739.996303738568,2.370988480504962
11290,31755.46796119064,2.3692355148903688
11300,31770.921137432742,2.367484753672336
11310,31786.35584392983,2.3657361937133596
11320,31801.772092123443,2.3639898318881594
11330,31817.169893431717,2.3622456650836297
11340,31832.54925924945,2.3605036901988066
11350,31847.910200948158,2.3587639041448223
11360,31863.25272987612,2.3570263038448664
11370,31878.576857358465,2.3552908862341466
11380,31893.88259469715,2.3535576482598466
11390,31909.16995317109,2.351826586881088
11400,31924.438944036156,2.350097699068889
11410,31939.68957852525,2.3483709818061262
11420,31954.921867848345,2.346646432087496
11430,31970.135823192577,2.344924046919473
11440,31985.331455722197,2.3432038233202737
11450,32000.50877657876,2.3414857583198163
11460,32015.66779688104,2.339769848959681
11470,32030.808527725174,2.3380560922930753
11480,32045.93098018467,2.3363444853847914
11490,32061.035165310466,2.3346350253111714
11500,32076.12109413099,2.3329277091600686
11510,32091.188777652198,2.3312225340308084
11520,32106.23822685762,2.3295194970341515
11530,32121.269452708417,2.327818595292259
11540,32136.282466143435,2.3261198259386524
11550,32151.277278079237,2.324423186118176
11560,32166.253899410185,2.3227286729869623
11570,32181.212341008424,2.321036283712395
11580,32196.152613724036,2.3193460154730707
11590,32211.07472838497,2.3176578654587656
11600,32225.97869579719,2.3159718308703967
11610,32240.864526744634,2.3142879089199857
11620,32255.73223198935,2.3126060968306263
11630,32270.58182227148,2.310926391836445
11640,32285.413308309347,2.309248791182566
11650,32300.226700799474,2.307573292125079
11660,32315.022010416636,2.3058998919310008
11670,32329.79924781392,2.3042285878782414
11680,32344.55842362278,2.3025593772555695
11690,32359.299548453062,2.3008922573625767
11700,32374.02263289305,2.299227225509643
11710,32388.72768750954,2.2975642790179056
11720,32403.41472284787,2.2959034152192186
11730,32418.08374943195,2.2942446314561256
11740,32432.73477776433,2.2925879250818197
11750,32447.367818326253,2.290933293460115
11760,32461.98288157768,2.2892807339654095
11770,32476.579977957335,2.287630243982652
11780,32491.15911788278,2.2859818209073106
11790,32505.720311750432,2.2843354621453376
11800,32520.263569935618,2.2826911651131376
11810,32534.788902792636,2.2810489272375336
11820,32549.296320654765,2.2794087459557364
11830,32563.78583383433,2.2777706187153086
11840,32578.257452622754,2.2761345429741353
11850,32592.711187290617,2.2745005162003906
11860,32607.147048087645,2.2728685358725045
11870,32621.56504524281,2.271238599479132
11880,32635.965188964343,2.269610704519122
11890,32650.347489439802,2.267984848501483
11900,32664.7119568361,2.266361028945355
11910,32679.058601299555,2.264739243379974
11920,32693.38743295592,2.2631194893446445
11930,32707.69846191044,2.2615017643887056
11940,32721.99169824792,2.2598860660715014
11950,32736.26715203272,2.2582723919623495
11960,32750.524833308824,2.2566607396405107
11970,32764.764752099887,2.255051106695157
11980,32778.986918409275,2.2534434907253442
11990,32793.19134222009,2.2518378893399773
12000,32807.378033495246,2.2502343001577834
12010,32821.54700217748,2.2486327208072816
12020,32835.698258189426,2.24703314892675
12030,32849.83181143362,2.245435582164199
12040,32863.94767179257,2.243840018177341
12050,32878.04584912881,2.24224645463356
12060,32892.1263532849,2.2406548892098814
12070,32906.18919408349,2.239065319592945
12080,32920.23438132738,2.237477743478974
12090,32934.261924799524,2.235892158573747
12100,32948.271834263134,2.2343085625925667
12110,32962.26411946163,2.2327269532602347
12120,32976.23879011876,2.231147328311021
12130,32990.19585593861,2.229569685488634
12140,33004.135326605654,2.2279940225461936
12150,33018.05721178476,2.226420337246204
12160,33031.9615211213,2.2248486273605224
12170,33045.84826424114,2.223278890670334
12180,33059.717450750664,2.2217111249661214
12190,33073.56909023687,2.220145328047639
12200,33087.4031922674,2.2185814977238842
12210,33101.2197663905,2.2170196318130686
12220,33115.0188221352,2.2154597281425925
12230,33128.800369011224,2.2139017845490176
12240,33142.56441650911,2.2123457988780375
12250,33156.310974100204,2.210791768984452
12260,33170.040051236734,2.2092396927321403
12270,33183.75165735184,2.2076895679940334
12280,33197.44580185959,2.2061413926520883
12290,33211.12249415505,2.2045951645972592
12300,33224.781743614316,2.203050881729473
12310,33238.423559594536,2.2015085419576024
12320,33252.04795143396,2.199968143199438
12330,33265.65492845201,2.198429683381664
12340,33279.244499949236,2.1968931604398314
12350,33292.81667520746,2.1953585723183315
12360,33306.37146348973,2.19382591697037
12370,33319.908874040404,2.1922951923579417
12380,33333.42891608518,2.1907663964518043
12390,33346.93159883111,2.189239527231453
12400,33360.41693146667,2.1877145826850946
12410,33373.88492316181,2.1861915608096227
12420,33387.33558306791,2.184670459610592
12430,33400.76892031792,2.1831512771021937
12440,33414.18494402635,2.181634011307229
12450,33427.5836632893,2.1801186602570852
12460,33440.96508718451,2.1786052219917105
12470,33454.32922477139,2.17709369455959
12480,33467.67608509108,2.1755840760177194
12490,33481.00567716645,2.1740763644315817
12500,33494.31801000217,2.172570557875122
12510,33507.61309258473,2.171066654430723
12520,33520.89093388249,2.169564652189183
12530,33534.15154284568,2.168064549249687
12540,33547.39492840649,2.1665663437197864
12550,33560.62109947908,2.165070033715375
12560,33573.83006495959,2.1635756173606633
12570,33587.02183372625,2.162083092788154
12580,33600.196414639315,2.160592458138622
12590,33613.35381654119,2.159103711561087
12600,33626.49404825643,2.157616851212792
12610,33639.61711859176,2.156131875259178
12620,33652.72303633615,2.1546487818738633
12630,33665.81181026081,2.153167569238619
12640,33678.88344911926,2.151688235543345
12650,33691.93796164732,2.1502107789860467
12660,33704.975356563205,2.1487351977728144
12670,33717.99564256753,2.1472614901177978
12680,33730.99882834333,2.145789654243186
12690,33743.984922556105,2.1443196883791806
12700,33756.95393385388,2.1428515907639776
12710,33769.90587086721,2.1413853596437415
12720,33782.840742209206,2.1399209932725847
12730,33795.75855647563,2.138458489912545
12740,33808.65932224486,2.1369978478335625
12750,33821.54304807795,2.135539065313457
12760,33834.40974251868,2.1340821406379074
12770,33847.25941409356,2.1326270721004295
12780,33860.0920713119,2.1311738580023523
12790,33872.907722665805,2.1297224966527986
12800,33885.70637663025,2.1282729863686614
12810,33898.48804166307,2.126825325474582
12820,33911.252726205035,2.1253795123029313
12830,33924.000438679854,2.123935545193783
12840,33936.73118749421,2.1224934224948986
12850,33949.44498103783,2.1210531425617005
12860,33962.141827683474,2.1196147037572537
12870,33974.82173578697,2.118178104452244
12880,33987.4847136873,2.1167433430249565
12890,34000.13076970656,2.1153104178612545
12900,34012.759912150046,2.1138793273545593
12910,34025.37214930626,2.1124500699058286
12920,34037.967489446964,2.1110226439235356
12930,34050.545940827185,2.109597047823649
12940,34063.10751168528,2.1081732800296114
12950,34075.65221024293,2.1067513389723205
12960,34088.180044705216,2.105331223090105
12970,34100.69102326061,2.103912930828709
12980,34113.185154081046,2.1024964606412673
12990,34125.66244532191,2.1010818109882874
13000,34138.12290512211,2.0996689803376287
13010,34150.56654160408,2.0982579671644834
13020,34162.99336287384,2.096848769951355
13030,34175.40337702101,2.0954413871880377
13040,34187.796592118815,2.094035817371599
13050,34200.17301622417,2.0926320590063585
13060,34212.5326573777,2.0912301106038664
13070,34224.87552360372,2.089829970682888
13080,34237.20162291032,2.088431637769379
13090,34249.51096328939,2.08703511039647
13100,34261.80355271662,2.085640387104445
13110,34274.07939915159,2.0842474664407233
13120,34286.33851053771,2.082856346959838
13130,34298.58089480235,2.0814670272234177
13140,34310.806559856785,2.0800795058001693
13150,34323.0155135963,2.078693781265856
13160,34335.207763900165,2.0773098522032796
13170,34347.38331863169,2.0759277172022608
13180,34359.54218563826,2.074547374859621
13190,34371.684372751326,2.073168823779163
13200,34383.8098877865,2.071792062571652
13210,34395.91873854353,2.0704170898547978
13220,34408.01093280637,2.0690439042532343
13230,34420.08647834317,2.067672504398503
13240,34432.14538290633,2.0663028889290316
13250,34444.18765423254,2.06493505649012
13260,34456.21330004277,2.063569005733916
13270,34468.22232804236,2.062204735319403
13280,34480.21474592099,2.060842243912376
13290,34492.19056135273,2.059481530185429
13300,34504.149781996086,2.0581225928179303
13310,34516.092415494015,2.0567654304960112
13320,34528.01846947396,2.0554100419125425
13330,34539.927951547856,2.05405642576712
13340,34551.82086931219,2.0527045807660436
13350,34563.69723034803,2.0513545056223026
13360,34575.557042221015,2.0500061990555554
13370,34587.40031248143,2.0486596597921123
13380,34599.227048664216,2.04731488656492
13390,34611.03725828898,2.0459718781135376
13400,34622.83094886006,2.044630633184129
13410,34634.6081278665,2.043291150529435
13420,34646.36880278215,2.0419534289087626
13430,34658.11298106565,2.0406174670879667
13440,34669.840670160454,2.0392832638394283
13450,34681.551877494865,2.037950817942043
13460,34693.24661048209,2.0366201281812004
13470,34704.924876520214,2.0352911933487667
13480,34716.586682992274,2.0339640122430698
13490,34728.232037266265,2.0326385836688794
13500,34739.860946695204,2.031314906437393
13510,34751.47341861707,2.029992979366216
13520,34763.06946035494,2.0286728012793467
13530,34774.64907921695,2.027354371007158
13540,34786.212282496315,2.026037687386382
13550,34797.75907747142,2.024722749260092
13560,34809.28947140576,2.023409555477687
13570,34820.80347154805,2.0220981048948725
13580,34832.3010851322,2.0207883963736477
13590,34843.78231937736,2.019480428782286
13600,34855.24718148794,2.0181742009953187
13610,34866.69567865364,2.01686971189352
13620,34878.127818049485,2.0155669603638895
13630,34889.54360683584,2.014265945299635
13640,34900.943052158436,2.012966665600159
13650,34912.32616114841,2.0116691201710384
13660,34923.692940922316,2.0103733079240125
13670,34935.04339858216,2.0090792277769625
13680,34946.377541215414,2.0077868786539
13690,34957.69537589508,2.0064962594849463
13700,34968.99690967965,2.0052073692063197
13710,34980.2821496132,2.0039202067603177
13720,34991.55110272539,2.0026347710953023
13730,35002.80377603145,2.001351061165683
13740,35014.040176532275,2.0000690759319006
13750,35025.260311214406,1.9987888143604138
13760,35036.46418705008,1.99751027542368
13770,35047.65181099721,1.9962334581001424
13780,35058.82318999948,1.9949583613742128
13790,35069.9783309863,1.9936849842362565
13800,35081.1172408729,1.992413325682576
13810,35092.23992656031,1.9911433847153972
13820,35103.34639493537,1.9898751603428515
13830,35114.43665287081,1.9886086515789616
13840,35125.510707225236,1.9873438574436264
13850,35136.56856484317,1.9860807769626048
13860,35147.61023255506,1.9848194091675009
13870,35158.63571717732,1.9835597530957485
13880,35169.64502551235,1.9823018077905958
13890,35180.63816434855,1.98104557230109
13900,35191.61514046038,1.9797910456820624
13910,35202.57596060833,1.9785382269941134
13920,35213.520631538995,1.9772871153035965
13930,35224.449159985066,1.9760377096826043
13940,35235.36155266537,1.9747900092089532
13950,35246.257816284895,1.9735440129661683
13960,35257.1379575348,1.9722997200434673
13970,35268.00198309246,1.9710571295357486
13980,35278.84989962146,1.9698162405435726
13990,35289.68171377168,1.96857705217315
14000,35300.49743217923,1.967339563536325
14010,35311.297061466554,1.9661037737505622
14020,35322.0806082424,1.9648696819389297
14030,35332.84807910188,1.963637287230087
14040,35343.59948062648,1.9624065887582676
14050,35354.33481938404,1.9611775856632674
14060,35365.05410192889,1.9599502770904274
14070,35375.75733480173,1.9587246621906202
14080,35386.44452452979,1.9575007401202362
14090,35397.11567762675,1.9562785100411686
14100,35407.770800592814,1.9550579711207978
14110,35418.409899914725,1.953839122531979
14120,35429.03298206577,1.9526219634530262
14130,35439.64005350585,1.9514064930676986
14140,35450.23112068145,1.9501927105651868
14150,35460.80619002566,1.9489806151400975
14160,35471.36526795827,1.9477702059924393
14170,35481.9083608857,1.9465614823276094
14180,35492.435475201106,1.9453544433563783
14190,35502.94661728434,1.9441490882948773
14200,35513.44179350199,1.9429454163645823
14210,35523.921010207414,1.9417434267923008
14220,35534.384273740776,1.9405431188101583
14230,35544.83159042902,1.9393444916555838
14240,35555.26296658594,1.9381475445712948
14250,35565.678408512176,1.9369522768052854
14260,35576.07792249525,1.935758687610811
14270,35586.46151480957,1.9345667762463743
14280,35596.82919171648,1.9333765419757123
14290,35607.18095946427,1.9321879840677818
14300,35617.51682428817,1.9310011017967457
14310,35627.83679241041,1.9298158944419588
14320,35638.140870040224,1.9286323612879557
14330,35648.42906337389,1.9274505016244348
14340,35658.70137859472,1.9262703147462463
14350,35668.957821873104,1.9250917999533776
14360,35679.198399366534,1.9239149565509406
14370,35689.42311721961,1.9227397838491564
14380,35699.63198156407,1.9215662811633436
14390,35709.824998518816,1.9203944478139037
14400,35720.00217418994,1.919224283126308
14410,35730.1635146707,1.9180557864310837
14420,35740.309026041614,1.9168889570638001
14430,35750.43871437044,1.915723794365057
14440,35760.55258571217,1.9145602976804679
14450,35770.65064610911,1.9133984663606507
14460,35780.732901590876,1.912238299761211
14470,35790.7993581744,1.91107979724273
14480,35800.85002186397,1.9099229581707515
14490,35810.88489865123,1.9087677819157685
14500,35820.903994515225,1.9076142678532084
14510,35830.907315422424,1.9064624153634224
14520,35840.89486732669,1.9053122238316706
14530,35850.86665616938,1.9041636926481087
14540,35860.822687879314,1.9030168212077747
14550,35870.76296837279,1.901871608910577
14560,35880.687503553614,1.9007280551612804
14570,35890.59629931315,1.8995861593694925
14580,35900.4893615303,1.8984459209496514
14590,35910.36669607155,1.897307339321013
14600,35920.228308790975,1.8961704139076359
14610,35930.07420553027,1.895035144138371
14620,35939.904392118755,1.8939015294468469
14630,35949.718874373415,1.8927695692714572
14640,35959.5176580989,1.8916392630553478
14650,35969.30074908757,1.8905106102464033
14660,35979.06815311947,1.8893836102972352
14670,35988.819875962414,1.8882582626651676
14680,35998.55592337195,1.8871345668122257
14690,36008.27630109139,1.886012522205122
14700,36017.981014851866,1.8848921283152436
14710,36027.6700703723,1.8837733846186393
14720,36037.34347335946,1.8826562905960078
14730,36047.001229507965,1.8815408457326834
14740,36056.64334450028,1.8804270495186244
14750,36066.269824006784,1.879314901448399
14760,36075.88067368578,1.8782044010211747
14770,36085.47589918346,1.8770955477407034
14780,36095.05550613399,1.8759883411153098
14790,36104.61950015949,1.8748827806578787
14800,36114.16788687007,1.8737788658858427
14810,36123.700671863866,1.8726765963211678
14820,36133.21786072698,1.8715759714903433
14830,36142.71945903362,1.8704769909243666
14840,36152.20547234603,1.8693796541587333
14850,36161.67590621453,1.8682839607334225
14860,36171.13076617753,1.8671899101928844
14870,36180.57005776158,1.8660975020860298
14880,36189.99378648136,1.8650067359662148
14890,36199.401957839684,1.86391761139123
14900,36208.794577327564,1.8628301279232875
14910,36218.171650424185,1.861744285129009
14920,36227.533182596955,1.860660082579412
14930,36236.87917930151,1.8595775198498985
14940,36246.209645981726,1.8584965965202427
14950,36255.52458806973,1.8574173121745774
14960,36264.82401098596,1.856339666401383
14970,36274.107920139155,1.8552636587934734
14980,36283.37632092633,1.854189288947986
14990,36292.62921873289,1.8531165564663663
15000,36301.86661893255,1.8520454609543588
15010,36311.08852688744,1.8509760020219923
15020,36320.294947948045,1.849908179283568
15030,36329.48588745327,1.8488419923576482
15040,36338.661350730465,1.8477774408670429
15050,36347.8213430954,1.846714524438798
15060,36356.965869852305,1.8456532427041825
15070,36366.09493629391,1.8445935952986778
15080,36375.20854770144,1.8435355818619632
15090,36384.30670934461,1.8424792020379053
15100,36393.38942648168,1.841424455474545
15110,36402.456704359465,1.8403713418240861
15120,36411.50854821334,1.8393198607428816
15130,36420.544963267275,1.838270011891423
15140,36429.56595473382,1.837221794934328
15150,36438.57152781415,1.836175209540327
15160,36447.5616876981,1.835130255382252
15170,36456.53643956412,1.8340869321370243
15180,36465.49578857936,1.833045239485643
15190,36474.43973989964,1.8320051771131707
15200,36483.36829866948,1.8309667447087246
15210,36492.28147002213,1.8299299419654609
15220,36501.17925907957,1.828894768580566
15230,36510.06167095254,1.827861224255242
15240,36518.92871074056,1.8268293086946952
15250,36527.78038353192,1.825799021608125
15260,36536.616694403725,1.8247703627087106
15270,36545.43764842189,1.8237433317135998
15280,36554.24325064117,1.8227179283438963
15290,36563.03350610519,1.8216941523246486
15300,36571.80841984642,1.8206720033848363
15310,36580.567996886246,1.8196514812573596
15320,36589.312242234926,1.8186325856790273
15330,36598.04116089166,1.8176153163905433
15340,36606.75475784458,1.8165996731364968
15350,36615.45303807076,1.815585655665348
15360,36624.136006536246,1.8145732637294174
15370,36632.80366819607,1.813562497084874
15380,36641.45602799429,1.8125533554917233
15390,36650.09309086391,1.8115458387137935
15400,36658.71486172706,1.8105399465187269
15410,36667.32134549484,1.8095356786779646
15420,36675.912547067455,1.8085330349667366
15430,36684.488471334174,1.8075320151640495
15440,36693.04912317338,1.806532619052674
15450,36701.594507452544,1.8055348464191339
15460,36710.12462902829,1.8045386970536927
15470,36718.63949274635,1.8035441707503435
15480,36727.13910344166,1.8025512673067954
15490,36735.62346593828,1.801559986524463
15500,36744.09258504952,1.8005703282084533
15510,36752.546465577834,1.799582292167555
15520,36760.98511231494,1.7985958782142257
15530,36769.40853004177,1.7976110861645802
15540,36777.81672352854,1.796627915838379
15550,36786.20969753468,1.7956463670590161
15560,36794.58745680892,1.7946664396535068
15570,36802.95000608933,1.7936881334524768
15580,36811.297350103254,1.7927114482901496
15590,36819.62949356736,1.7917363840043339
15600,36827.946441187676,1.7907629404364143
15610,36836.24819765957,1.7897911174313366
15620,36844.53476766783,1.7888209148375973
15630,36852.80615588655,1.787852332507232
15640,36861.062366979306,1.7868853702958025
15650,36869.30340559904,1.7859200280623868
15660,36877.529276388166,1.7849563056695648
15670,36885.739983978514,1.7839942029834086
15680,36893.93553299139,1.7830337198734691
15690,36902.11592803757,1.7820748562127662
15700,36910.28117371734,1.7811176118777738
15710,36918.43127462046,1.7801619867484115
15720,36926.566235326245,1.7792079807080305
15730,36934.68606040352,1.7782555936434026
15740,36942.79075441068,1.7773048254447077
15750,36950.88032189565,1.776355676005523
15760,36958.95476739599,1.7754081452228105
15770,36967.01409543879,1.7744622329969062
15780,36975.0583105408,1.773517939231506
15790,36983.08741720836,1.7725752638336565
15800,36991.101419937455,1.7716342067137414
15810,36999.10032321373,1.7706947677854712
15820,37007.08413151246,1.7697569469658696
15830,37015.052849298656,1.7688207441752632
15840,37023.00648102697,1.7678861593372694
15850,37030.94503114178,1.766953192378784
15860,37038.868504077174,1.7660218432299692
15870,37046.77690425701,1.765092111824244
15880,37054.67023609484,1.7641639980982693
15890,37062.548503994025,1.7632375019919382
15900,37070.411712347675,1.7623126234483637
15910,37078.2598655387,1.7613893624138663
15920,37086.09296793982,1.7604677188379632
15930,37093.91102391355,1.7595476926733555
15940,37101.71403781226,1.7586292838759177
15950,37109.50201397814,1.7577124924046845
15960,37117.27495674327,1.7567973182218397
15970,37125.032870429575,1.7558837612927045
15980,37132.775759348886,1.7549718215857253
15990,37140.503627802915,1.7540614990724623
16000,37148.21648008328,1.7531527937275777
16010,37155.91432047156,1.7522457055288236
16020,37163.59715323923,1.7513402344570301
16030,37171.26498264775,1.7504363804960943
16040,37178.91781294853,1.7495341436329674
16050,37186.55564838296,1.7486335238576436
16060,37194.17849318242,1.747734521163148
16070,37201.7863515683,1.7468371355455259
16080,37209.37922775201,1.7459413670038284
16090,37216.95712593498,1.7450472155401033
16100,37224.5200503087,1.7441546811593822
16110,37232.068005054716,1.7432637638696686
16120,37239.60099434462,1.7423744636819258
16130,37247.1190223401,1.7414867806100658
16140,37254.62209319296,1.740600714670937
16150,37262.11021104509,1.7397162658843133
16160,37269.58338002852,1.7388334342728802
16170,37277.04160426539,1.7379522198622257
16180,37284.484887868,1.7370726226808255
16190,37291.91323493881,1.7361946427600345
16200,37299.32664957047,1.735318280134072
16210,37306.72513584577,1.7344435348400118
16220,37314.10869783776,1.7335704069177693
16230,37321.477339609635,1.7326988964100898
16240,37328.83106521485,1.7318290033625372
16250,37336.1698786971,1.7309607278234822
16260,37343.49378409031,1.7300940698440894
16270,37350.80278541866,1.729229029478307
16280,37358.096886696636,1.7283656067828534
16290,37365.37609192897,1.7275038018172062
16300,37372.64040511072,1.7266436146435904
16310,37379.88983022722,1.7257850453269665
16320,37387.12437125416,1.724928093935018
16330,37394.344032157554,1.7240727605381403
16340,37401.548816893745,1.7232190452094287
16350,37408.73872940946,1.7223669480246664
16360,37415.91377364176,1.7215164690623124
16370,37423.07395351814,1.72066760840349
16380,37430.219272956434,1.7198203661319742
16390,37437.349735864926,1.7189747423341815
16400,37444.46534614227,1.7181307370991563
16410,37451.56610767761,1.717288350518559
16420,37458.652024350486,1.7164475826866559
16430,37465.723100030904,1.715608433700305
16440,37472.77933857933,1.7147709036589462
16450,37479.82074384672,1.7139349926645875
16460,37486.84731967452,1.7131007008217944
16470,37493.85906989465,1.712268028237678
16480,37500.855998329556,1.711436975021882
16490,37507.83810879223,1.7106075412865718
16500,37514.805405086176,1.709779727146422
16510,37521.757891005436,1.7089535327186047
16520,37528.69557033463,1.7081289581227783
16530,37535.618446848945,1.7073060034810734
16540,37542.52652431413,1.706484668918084
16550,37549.419806486556,1.7056649545608518
16560,37556.29829711316,1.704846860538858
16570,37563.16199993154,1.7040303869840092
16580,37570.01091866986,1.7032155340306256
16590,37576.845057046994,1.7024023018154297
16600,37583.664418772416,1.701590690477533
16610,37590.469007546264,1.7007807001584265
16620,37597.258827059355,1.6999723310019659
16630,37604.0338809932,1.6991655831543613
16640,37610.79417301997,1.6983604567641652
16650,37617.53970680258,1.69755695198226
16660,37624.270485994624,1.6967550689618458
16670,37630.98651424045,1.6959548078584292
16680,37637.68779517513,1.6951561688298107
16690,37644.37433242448,1.6943591520360728
16700,37651.04612960509,1.6935637576395681
16710,37657.703190324304,1.6927699858049072
16720,37664.345518180264,1.691977836698947
16730,37670.97311676188,1.691187310490778
16740,37677.585989648884,1.6903984073517127
16750,37684.184140411824,1.6896111274552736
16760,37690.76757261204,1.6888254709771815
16770,37697.336289801744,1.6880414380953426
16780,37703.89029552397,1.6872590289898368
16790,37710.42959331261,1.6864782438429058
16800,37716.954186692434,1.6856990828389415
16810,37723.46407917907,1.6849215461644733
16820,37729.95927427905,1.6841456340081553
16830,37736.43977548979,1.683371346560756
16840,37742.90558629961,1.6825986840151457
16850,37749.35671018777,1.6818276465662827
16860,37755.79315062446,1.6810582344112033
16870,37762.21491107077,1.6802904477490095
16880,37768.62199497876,1.6795242867808557
16890,37775.01440579147,1.6787597517099373
16900,37781.3921469429,1.6779968427414789
16910,37787.755221857995,1.6772355600827218
16920,37794.103633952735,1.6764759039429118
16930,37800.43738663407,1.6757178745332872
16940,37806.756483299985,1.6749614720670671
16950,37813.06092733946,1.674206696759439
16960,37819.35072213251,1.6734535488275455
16970,37825.62587105022,1.6727020284904748
16980,37831.8863774547,1.671952135969246
16990,37838.132244699096,1.6712038714867978
17000,37844.36347612767,1.6704572352679774
17010,37850.58007507574,1.669712227539527
17020,37856.78204486971,1.668968848530072
17030,37862.9693888271,1.668227098470109
17040,37869.14211025654,1.6674869775919936
17050,37875.30021245774,1.6667484861299287
17060,37881.443698721574,1.6660116243199505
17070,37887.57257233007,1.6652763923999196
17080,37893.686836556364,1.6645427906095054
17090,37899.786494664775,1.6638108191901755
17100,37905.87154991077,1.6630804783851845
17110,37911.942005541016,1.6623517684395597
17120,37917.997864793346,1.6616246896000901
17130,37924.03913089681,1.6608992421153144
17140,37930.06580707164,1.6601754262355077
17150,37936.077896529285,1.6594532422126709
17160,37942.07540247245,1.6587326903005168
17170,37948.05832809503,1.658013770754459
17180,37954.026676582194,1.6572964838315996
17190,37959.98045111034,1.656580829790716
17200,37965.91965484715,1.6558668088922504
17210,37971.844290951565,1.6551544213982954
17220,37977.7543625738,1.6544436675725842
17230,37983.64987285538,1.6537345476804755
17240,37989.530824929105,1.653027061988944
17250,37995.39722191908,1.6523212107665668
17260,38001.24906694076,1.6516169942835113
17270,38007.0863631009,1.6509144128115227
17280,38012.909113497575,1.6502134666239123
17290,38018.71732122023,1.6495141559955446
17300,38024.51098934968,1.648816481202826
17310,38030.290120958045,1.6481204425236915
17320,38036.05471910886,1.6474260402375924
17330,38041.804786857036,1.6467332746254852
17340,38047.54032724884,1.6460421459698187
17350,38053.261343321974,1.6453526545545207
17360,38058.96783810554,1.6446648006649873
17370,38064.65981462003,1.6439785845880701
17380,38070.33727587738,1.6432940066120634
17390,38076.00022488095,1.6426110670266922
17400,38081.64866462556,1.6419297661231
17410,38087.28259809745,1.6412501041938365
17420,38092.90202827434,1.640572081532846
17430,38098.50695812541,1.6398956984354527
17440,38104.0973906113,1.6392209551983514
17450,38109.67332868417,1.6385478521195935
17460,38115.234775287645,1.637876389498575
17470,38120.78173335685,1.6372065676360243
17480,38126.314205818446,1.6365383868339896
17490,38131.83219559058,1.6358718473958267
17500,38137.335705582926,1.6352069496261876
17510,38142.824738696734,1.6345436938310063
17520,38148.29929782475,1.633882080317488
17530,38153.7593858513,1.6332221093940964
17540,38159.20500565226,1.632563781370541
17550,38164.63616009506,1.6319070965577658
17560,38170.05285203874,1.6312520552679348
17570,38175.455084333895,1.6305986578144225
17580,38180.84285982271,1.6299469045117996
17590,38186.21618133901,1.629296795675821
17600,38191.57505170819,1.6286483316234142
17610,38196.91947374728,1.6280015126726661
17620,38202.24945026491,1.6273563391428112
17630,38207.56498406139,1.626712811354219
17640,38212.86607792863,1.626070929628382
17650,38218.15273465021,1.6254306942879029
17660,38223.424957001356,1.6247921056564822
17670,38228.682747748964,1.6241551640589071
17680,38233.92610965161,1.6235198698210371
17690,38239.15504545954,1.6228862232697936
17700,38244.369557914695,1.6222542247331464
17710,38249.56964975071,1.6216238745401013
17720,38254.75532369292,1.6209951730206884
17730,38259.9265824584,1.6203681205059504
17740,38265.0834287559,1.6197427173279284
17750,38270.22586528593,1.6191189638196506
17760,38275.353894740714,1.6184968603151202
17770,38280.46751980425,1.6178764071493028
17780,38285.56674315226,1.6172576046581135
17790,38290.65156745223,1.616640453178406
17800,38295.72199536342,1.6160249530479587
17810,38300.77802953685,1.615411104605463
17820,38305.81967261534,1.6147989081905119
17830,38310.84692723348,1.614188364143585
17840,38315.85979601766,1.61357947280604
17850,38320.858281586094,1.6129722345200967
17860,38325.84238654877,1.6123666496288276
17870,38330.81211350754,1.611762718476143
17880,38335.76746505604,1.6111604414067806
17890,38340.70844377975,1.610559818766293
17900,38345.63505225602,1.6099608509010344
17910,38350.54729305399,1.6093635381581481
17920,38355.445168734725,1.6087678808855563
17930,38360.3286818511,1.6081738794319458
17940,38365.197834947874,1.6075815341467552
17950,38370.052630561695,1.6069908453801656
17960,38374.89307122107,1.6064018134830849
17970,38379.719159446424,1.6058144388071376
17980,38384.530897750075,1.6052287217046521
17990,38389.32828863622,1.6046446625286472
18000,38394.11133460101,1.6040622616328215
18010,38398.88003813247,1.6034815193715406
18020,38403.63440171059,1.6029024360998247
18030,38408.374427807285,1.6023250121733352
18040,38413.10011888638,1.601749247948365
18050,38417.811477403695,1.6011751437818234
18060,38422.50850580697,1.6006027000312257
18070,38427.19120653591,1.6000319170546808
18080,38431.8595820222,1.599462795210878
18090,38436.51363468951,1.5988953348590755
18100,38441.153366953455,1.5983295363590877
18110,38445.77878122166,1.5977654000712738
18120,38450.38987989376,1.5972029263565242
18130,38454.98666536137,1.5966421155762496
18140,38459.56914000812,1.5960829680923685
18150,38464.13730620965,1.595525484267294
18160,38468.691166333636,1.5949696644639226
18170,38473.230722739776,1.594415509045622
18180,38477.7559777798,1.5938630183762181
18190,38482.26693379749,1.5933121928199836
18200,38486.76359312864,1.5927630327416258
18210,38491.24595810116,1.5922155385062733
18220,38495.71403103497,1.5916697104794657
18230,38500.167814242086,1.5911255490271399
18240,38504.60731002659,1.5905830545156183
18250,38509.03252068465,1.590042227311597
18260,38513.443448504506,1.5895030677821336
18270,38517.8400957665,1.5889655762946349
18280,38522.22246474308,1.5884297532168445
18290,38526.5905576988,1.5878955989168313
18300,38530.94437689032,1.5873631137629771
18310,38535.28392456643,1.5868322981239642
18320,38539.60920296802,1.5863031523687638
18330,38543.92021432816,1.5857756768666236
18340,38548.216960872,1.5852498719870558
18350,38552.499444816865,1.5847257380998252
18360,38556.767668372246,1.584203275574937
18370,38561.02163373975,1.5836824847826243
18380,38565.26134311318,1.5831633660933373
18390,38569.486798678496,1.5826459198777298
18400,38573.698002613826,1.5821301465066482
18410,38577.89495708949,1.5816160463511189
18420,38582.077664267985,1.581103619782337
18430,38586.24612630401,1.5805928671716531
18440,38590.40034534446,1.5800837888905634
18450,38594.54032352844,1.5795763853106948
18460,38598.66606298724,1.5790706568037958
18470,38602.7775658444,1.5785666037417228
18480,38606.87483421567,1.5780642264964286
18490,38610.957870209015,1.5775635254399514
18500,38615.026675924666,1.5770645009444006
18510,38619.08125345506,1.5765671533819479
18520,38623.121604884895,1.5760714831248126
18530,38627.147732291116,1.5755774905452522
18540,38631.15963774294,1.5750851760155482
18550,38635.15732330183,1.574594539907996
18560,38639.14079102153,1.5741055825948929
18570,38643.11004294804,1.5736183044485244
18580,38647.06508111967,1.573132705841156
18590,38651.005907566985,1.5726487871450174
18600,38654.93252431287,1.5721665487322931
18610,38658.84493337248,1.5716859909751104
18620,38662.74313675329,1.571207114245527
18630,38666.62713645508,1.57072991891552
18640,38670.496934469935,1.5702544053569734
18650,38674.35253278227,1.5697805739416664
18660,38678.19393336883,1.5693084250412634
18670,38682.02113819866,1.5688379590272998
18680,38685.83414923318,1.568369176271172
18690,38689.63296842612,1.5679020771441252
18700,38693.41759772358,1.5674366620172415
18710,38697.188039063985,1.5669729312614296
18720,38700.944294378154,1.5665108852474112
18730,38704.68636558922,1.5660505243457112
18740,38708.41425461273,1.5655918489266447
18750,38712.12796335659,1.5651348593603067
18760,38715.82749372105,1.5646795560165598
18770,38719.512847598795,1.564225939265023
18780,38723.18402687487,1.56377400947506
18790,38726.84103342672,1.5633237670157676
18800,38730.483869124175,1.5628752122559642
18810,38734.112535829496,1.56242834556418
18820,38737.72703539733,1.5619831673086424
18830,38741.32736967476,1.5615396778572674
18840,38744.913540501264,1.561097877577647
18850,38748.485549708756,1.5606577668370374
18860,38752.04339912159,1.5602193460023488
18870,38755.58709055653,1.5597826154401337
18880,38759.116625822804,1.559347575516575
18890,38762.632006722066,1.5589142265974751
18900,38766.13323504842,1.558482569048245
18910,38769.62031258846,1.5580526032338917
18920,38773.09324112117,1.557624329519009
18930,38776.552022418065,1.557197748267765
18940,38779.99665824309,1.5567728598438904
18950,38783.42715035268,1.5563496646106691
18960,38786.84350049574,1.5559281629309252
18970,38790.24571041368,1.5555083551670128
18980,38793.63378184034,1.5550902416808048
18990,38797.00771650213,1.5546738228336823
19000,38800.367516117905,1.5542590989865221
19010,38803.713182399035,1.5538460704996873
19020,38807.04471704939,1.553434737733015
19030,38810.362121765385,1.5530251010458067
19040,38813.6653982359,1.552617160796815
19050,38816.95454814238,1.552210917344236
19060,38820.229573158766,1.5518063710456944
19070,38823.49047495155,1.5514035222582367
19080,38826.73725517973,1.5510023713383168
19090,38829.96991549487,1.5506029186417876
19100,38833.18845754108,1.5502051645238888
19110,38836.392882954984,1.5498091093392365
19120,38839.5831933658,1.5494147534418126
19130,38842.759390395266,1.5490220971849538
19140,38845.92147565771,1.5486311409213407
19150,38849.06945076001,1.5482418850029878
19160,38852.203317301624,1.5478543297812322
19170,38855.32307687456,1.547468475606723
19180,38858.42873106344,1.5470843228294104
19190,38861.52028144544,1.5467018717985361
19200,38864.597729590336,1.546321122862622
19210,38867.66107706049,1.545942076369459
19220,38870.71032541087,1.5455647326660982
19230,38873.74547618904,1.545189092098839
19240,38876.766530935165,1.5448151550132188
19250,38879.773491182015,1.544442921754003
19260,38882.76635845497,1.5440723926651747
19270,38885.74513427203,1.5437035680899236
19280,38888.709820143835,1.5433364483706362
19290,38891.66041757362,1.5429710338488851
19300,38894.59692805726,1.5426073248654195
19310,38897.51935308328,1.5422453217601533
19320,38900.42769413281,1.5418850248721572
19330,38903.321952679646,1.5415264345396462
19340,38906.20213019022,1.541169551099971
19350,38909.0682281236,1.5408143748896064
19360,38911.920247931535,1.5404609062441432
19370,38914.75819105842,1.5401091454982763
19380,38917.58205894129,1.5397590929857954
19390,38920.39185300987,1.5394107490395748
19400,38923.18757468655,1.539064113991563
19410,38925.96922538637,1.5387191881727746
19420,38928.736806517074,1.538375971913277
19430,38931.49031947908,1.538034465542184
19440,38934.22976566548,1.5376946693876432
19450,38936.95514646205,1.5373565837768284
19460,38939.666463247275,1.5370202090359282
19470,38942.36371739232,1.536685545490136
19480,38945.04691026105,1.5363525934636428
19490,38947.71604321004,1.5360213532796234
19500,38950.37111758857,1.5356918252602312
19510,38953.01213473863,1.5353640097265848
19520,38955.63909599491,1.5350379069987607
19530,38958.25200268483,1.5347135173957824
19540,38960.85085612852,1.5343908412356118
19550,38963.435657638845,1.5340698788351395
19560,38966.0064085214,1.533750630510175
19570,38968.5631100745,1.5334330965754368
19580,38971.1057635892,1.5331172773445445
19590,38973.63437034928,1.532803173130008
19600,38976.14893163129,1.5324907842432185
19610,38978.6494487045,1.5321801109944404
19620,38981.13592283093,1.5318711536927996
19630,38983.608355265365,1.5315639126462768
19640,38986.06674725534,1.5312583881616968
19650,38988.511100041134,1.53095458054472
19660,38990.94141485582,1.5306524900998324
19670,38993.3576929252,1.5303521171303378
19680,38995.75993546786,1.5300534619383483
19690,38998.148143695165,1.5297565248247744
19700,39000.52231881124,1.5294613060893174
19710,39002.88246201301,1.5291678060304592
19720,39005.22857449015,1.528876024945455
19730,39007.56065742516,1.5285859631303222
19740,39009.878711993275,1.528297620879834
19750,39012.18273936256,1.528010998487509
19760,39014.47274069387,1.5277260962456027
19770,39016.74871714085,1.5274429144450998
19780,39019.010669849944,1.527161453375704
19790,39021.2585999604,1.5268817133258308
19800,39023.49250860428,1.526603694582598
19810,39025.71239690644,1.5263273974318177
19820,39027.91826598456,1.526052822157987
19830,39030.11011694914,1.5257799690442806
19840,39032.28795090348,1.5255088383725424
19850,39034.451768943734,1.5252394304232755
19860,39036.601572158834,1.5249717454756355
19870,39038.73736163058,1.524705783807422
19880,39040.85913843357,1.52444154569507
19890,39042.96690363526,1.524179031413641
19900,39045.06065829594,1.5239182412368164
19910,39047.14040346871,1.5236591754368878
19920,39049.20614019955,1.5234018342847504
19930,39051.25786952727,1.5231462180498943
19940,39053.29559248351,1.5228923270003953
19950,39055.31931009278,1.5226401614029093
19960,39057.32902337243,1.522389721522662
19970,39059.32473333268,1.5221410076234436
19980,39061.306440976594,1.5218940199675983
19990,39063.2741473001,1.5216487588160181
20000,39065.227853291995,1.521405224428135
20010,39067.167559933936,1.5211634170619135
20020,39069.09326820045,1.5209233369738409
20030,39071.00497905893,1.5206849844189232
20040,39072.90269346966,1.5204483596506744
20050,39074.78641238577,1.5202134629211106
20060,39076.65613675331,1.5199802944807421
20070,39078.511867511166,1.519748854578566
20080,39080.35360559113,1.519519143462059
20090,39082.181351917905,1.5192911613771698
20100,39083.99510740904,1.519064908568312
20110,39085.794872975006,1.518840385278356
20120,39087.580649519135,1.5186175917486247
20130,39089.35243793768,1.5183965282188818
20140,39091.11023911981,1.5181771949273288
20150,39092.85405394754,1.5179595921105953
20160,39094.58388329585,1.5177437200037338
20170,39096.29972803257,1.5175295788402112
20180,39098.00158901848,1.5173171688519032
20190,39099.68946710726,1.5171064902690865
20200,39101.36336314548,1.5168975433204324
20210,39103.023277972636,1.516690328233
20220,39104.66921242118,1.5164848452322295
20230,39106.3011673164,1.5162810945419358
20240,39107.919143476596,1.5160790763843004
20250,39109.523141712925,1.5158787909798674
20260,39111.11316282951,1.5156802385475345
20270,39112.689207623385,1.5154834193045486
20280,39114.251276884504,1.515288333466497
20290,39115.79937139577,1.5150949812473038
20300,39117.333491933015,1.5149033628592208
20310,39118.853639265006,1.5147134785128236
20320,39120.359814153446,1.5145253284170037
20330,39121.852017352976,1.514338912778964
20340,39123.33024961119,1.5141542318042094
20350,39124.794511668624,1.513971285696546
20360,39126.24480425875,1.5137900746580693
20370,39127.681128107986,1.5136105988891624
20380,39129.10348393573,1.5134328585884882
20390,39130.51187245429,1.5132568539529845
20400,39131.906294368964,1.5130825851778567
20410,39133.28675037798,1.5129100524565735
20420,39134.65324117254,1.5127392559808608
20430,39136.005767436785,1.5125701959406954
20440,39137.344329847845,1.5124028725243
20450,39138.66892907579,1.5122372859181379
20460,39139.979565783666,1.5120734363069066
20470,39141.276240627485,1.511911323873533
20480,39142.55895425623,1.5117509487991678
20490,39143.827707311844,1.5115923112631802
20500,39145.08250042925,1.5114354114431525
20510,39146.32333423633,1.5112802495148747
20520,39147.550209353976,1.51112682565234
20530,39148.763126396014,1.510975140027739
20540,39149.96208596928,1.5108251928114542
20550,39151.14708867357,1.5106769841720566
20560,39152.318135101676,1.5105305142762988
20570,39153.47522583936,1.5103857832891112
20580,39154.61836146538,1.5102427913735972
20590,39155.74754255147,1.5101015386910275
20600,39156.862769662366,1.5099620254008363
20610,39157.96404335577,1.5098242516606157
20620,39159.051364182415,1.5096882176261124
20630,39160.124732685974,1.5095539234512212
20640,39161.18414940315,1.509421369287982
20650,39162.22961486362,1.509290555286575
20660,39163.2611295901,1.5091614815953154
20670,39164.27869409824,1.5090341483606502
20680,39165.28230889674,1.508908555727153
20690,39166.271974487274,1.5087847038375204
20700,39167.24769136453,1.5086625928325668
20710,39168.20946001618,1.5085422228512217
20720,39169.15728092293,1.5084235940305248
20730,39170.09115455849,1.508306706505621
20740,39171.011081389544,1.508191560409758
20750,39171.91706187581,1.5080781558742817
20760,39172.809096469995,1.507966493028632
20770,39173.687185617855,1.5078565720003403
20780,39174.55132975813,1.5077483929150233
20790,39175.40152932257,1.5076419558963816
20800,39176.237784735946,1.5075372610661948
20810,39177.06009641605,1.5074343085443187
20820,39177.86846477368,1.5073330984486812
20830,39178.66289021266,1.5072336308952787
20840,39179.443373129834,1.5071359059981735
20850,39180.20991391505,1.507039923869489
20860,39180.9625129512,1.5069456846194076
20870,39181.70117061417,1.5068531883561678
20880,39182.42588727289,1.5067624351860593
20890,39183.13666328931,1.5066734252134215
20900,39183.833499018394,1.5065861585406393
20910,39184.516394808146,1.5065006352681412
20920,39185.18535099959,1.5064168554943949
20930,39185.84036792677,1.5063348193159058
20940,39186.48144591677,1.5062545268272134
20950,39187.108585289694,1.5061759781208883
20960,39187.72178635868,1.5060991732875304
20970,39188.3210494299,1.5060241124157652
20980,39188.90637480256,1.5059507955922413
20990,39189.477762768875,1.5058792229016296
21000,39190.03521361412,1.5058093944266173
21010,39190.5787276166,1.505741310247909
21020,39191.108305047645,1.5056749704442225
21030,39191.62394617161,1.5056103750922862
21040,39192.12565124592,1.5055475242668384
21050,39192.61342052101,1.505486418040623
21060,39193.08725424036,1.5054270564843903
21070,39193.54715264047,1.5053694396668909
21080,39193.99311595093,1.5053135676548772
21090,39194.42514439431,1.5052594405131003
21100,39194.843238186244,1.5052070583043067
21110,39195.247397535415,1.5051564210892383
21120,39195.63762264354,1.5051075289266307
21130,39196.01391370538,1.5050603818732093
21140,39196.37627090872,1.5050149799836903
21150,39196.72469443441,1.5049713233107764
21160,39197.05918445634,1.5049294119051577
21170,39197.37974114143,1.5048892458155092
21180,39197.68636464965,1.5048508250884889
21190,39197.979055134034,1.5048141497687368
21200,39198.257812740616,1.504779219898874
21210,39198.52263760852,1.504746035519501
21220,39198.7735298699,1.5047145966691962
21230,39199.01048964994,1.5046849033845153
21240,39199.233517066896,1.5046569556999903
21250,39199.44261223205,1.5046307536481283
21260,39199.63777524974,1.5046062972594092
21270,39199.81900621735,1.504583586562288
21280,39199.98630522531,1.504562621583191
21290,39200.13967235711,1.504543402346516
21300,39200.27910768925,1.504525928874632
21310,39200.404611291335,1.5045102011878777
21320,39200.51618322596,1.504496219304562
21330,39200.61382354881,1.5044839832409618
21340,39200.69753230859,1.5044734930113237
21350,39200.76730954708,1.504464748627862
21360,39200.8231552991,1.5044577501007586
21370,39200.865069592495,1.5044524974381628
21380,39200.89305244819,1.5044489906461913
21390,39200.907103880156,1.5044472297289277
21400,39200.90722389539,1.5044472146884234
21410,39200.893412493955,1.5044489455246948
21420,39200.86566966896,1.5044524222357272
21430,39200.823995406565,1.5044576448174716
21440,39200.768389685974,1.504464613263846
21450,39200.69885247945,1.5044733275667361
21460,39200.61538375229,1.5044837877159953
21470,39200.51798346284,1.5044959936994444
21480,39200.406651562516,1.5045099455028719
21490,39200.28138799576,1.5045256431100351
21500,39200.14219270008,1.5045430865026612
21510,39199.989065605994,1.5045622756604453
21520,39199.82200663712,1.5045832105610546
21530,39199.641015710105,1.5046058911801252
21540,39199.446092734615,1.504630317491266
21550,39199.2372376134,1.5046564894660577
21560,39199.01445024224,1.5046844070740546
21570,39198.77773050997,1.5047140702827844
21580,39198.527078298466,1.5047454790577504
21590,39198.262493482645,1.5047786333624316
21600,39197.98397593048,1.5048135331582841
21610,39197.69152550298,1.5048501784047426
21620,39197.38514205421,1.504888569059221
21630,39197.06482543128,1.5049287050771136
21640,39196.730575474314,1.5049705864117973
21650,39196.38239201652,1.5050142130146322
21660,39196.02027488414,1.5050595848349626
21670,39195.64422389644,1.5051067018201203
21680,39195.25423886574,1.505155563915424
21690,39194.850319597404,1.5052061710641824
21700,39194.43246588984,1.5052585232076954
21710,39194.00067753449,1.5053126202852556
21720,39193.55495431584,1.50536846223415
21730,39193.095296011415,1.505426048989663
21740,39192.62170239178,1.5054853804850767
21750,39192.13417322053,1.5055464566516736
21760,39191.63270825433,1.5056092774187397
21770,39191.11730724283,1.5056738427135643
21780,39190.58796992875,1.5057401524614438
21790,39190.04469604785,1.5058082065856837
21800,39189.48748532891,1.5058780050076006
21810,39188.91633749376,1.5059495476465246
21820,39188.331252257245,1.5060228344198017
21830,39187.73222932726,1.506097865242796
21840,39187.11926840472,1.506174640028893
21850,39186.49236918358,1.5062531586895
21860,39185.85153135082,1.5063334211340527
21870,39185.19675458645,1.5064154272700132
21880,39184.52803856351,1.5064991770028766
21890,39183.84538294808,1.5065846702361716
21900,39183.14878739925,1.5066719068714634
21910,39182.43825156915,1.506760886808358
21920,39181.71377510291,1.5068516099445035
21930,39180.975357638716,1.5069440761755948
21940,39180.22299880777,1.5070382853953752
21950,39179.45669823428,1.5071342374956402
21960,39178.676455535504,1.5072319323662413
21970,39177.88227032169,1.5073313698950874
21980,39177.074142196114,1.5074325499681502
21990,39176.25207075509,1.5075354724694665
22000,39175.41605558792,1.5076401372811414
22010,39174.56609627696,1.507746544283353
22020,39173.70219239754,1.5078546933543544
22030,39172.824343518034,1.5079645843704783
22040,39171.9325491998,1.5080762172061402
22050,39171.026808997245,1.5081895917338424
22060,39170.10712245776,1.5083047078241774
22070,39169.173489121764,1.5084215653458326
22080,39168.225908522654,1.5085401641655927
22090,39167.26438018686,1.5086605041483452
22100,39166.28890363382,1.5087825851570835
22110,39165.29947837596,1.5089064070529106
22120,39164.296103918714,1.5090319696950445
22130,39163.27877976053,1.5091592729408205
22140,39162.24750539283,1.509288316645698
22150,39161.20228030007,1.5094191006632622
22160,39160.14310395969,1.5095516248452292
22170,39159.0699758421,1.509685889041452
22180,39157.98289541074,1.5098218930999219
22190,39156.88186212204,1.5099596368667763
22200,39155.76687542541,1.5100991201863005
22210,39154.63793476325,1.5102403429009341
22220,39153.49503957094,1.5103833048512745
22230,39152.33818927689,1.5105280058760824
22240,39151.16738330243,1.5106744458122865
22250,39149.98262106195,1.5108226244949874
22260,39148.78390196277,1.5109725417574638
22270,39147.571225405205,1.5111241974311762
22280,39146.34459078256,1.5112775913457734
22290,39145.10399748109,1.5114327233290954
22300,39143.84944488007,1.5115895932071806
22310,39142.58093235172,1.5117482008042695
22320,39141.298459261234,1.5119085459428108
22330,39140.002024966794,1.512070628443466
22340,39138.69162881953,1.512234448125115
22350,39137.367270163566,1.5124000048048618
22360,39136.02894833598,1.512567298298039
22370,39134.6766626668,1.5127363284182136
22380,39133.31041247905,1.5129070949771937
22390,39131.93019708867,1.513079597785032
22400,39130.53601580462,1.5132538366500332
22410,39129.12786792875,1.5134298113787585
22420,39127.70575275592,1.5136075217760319
22430,39126.26966957392,1.513786967644946
22440,39124.8196176635,1.5139681487868673
22450,39123.355596298345,1.5141510650014427
22460,39121.8776047451,1.5143357160866049
22470,39120.38564226336,1.514522101838579
22480,39118.879708105655,1.5147102220518878
22490,39117.359801517465,1.5149000765193585
22500,39115.825921737196,1.515091665032128
22510,39114.278067996216,1.5152849873796506
22520,39112.716239518806,1.5154800433497022
22530,39111.140435522204,1.5156768327283885
22540,39109.55065521654,1.5158753553001498
22550,39107.94689780493,1.5160756108477689
22560,39106.32916248338,1.516277599152375
22570,39104.69744844082,1.516481319993454
22580,39103.05175485912,1.516686773148851
22590,39101.39208091307,1.5168939583947803
22600,39099.71842577037,1.5171028755058291
22610,39098.03078859163,1.5173135242549662
22620,39096.32916853041,1.5175259044135483
22630,39094.61356473314,1.517740015751326
22640,39092.88397633918,1.5179558580364514
22650,39091.1404024808,1.5181734310354844
22660,39089.38284228317,1.5183927345134003
22670,39087.611294864364,1.5186137682335963
22680,39085.82575933537,1.5188365319578985
22690,39084.02623480004,1.5190610254465686
22700,39082.21272035517,1.5192872484583124
22710,39080.3852150904,1.519515200750285
22720,39078.5437180883,1.5197448820780994
22730,39076.68822842431,1.5199762921958335
22740,39074.818745166755,1.520209430856037
22750,39072.935267376866,1.5204442978097386
22760,39071.03779410872,1.5206808928064541
22770,39069.1263244093,1.5209192155941933
22780,39067.200857318465,1.5211592659194675
22790,39065.26139186892,1.5214010435272975
22800,39063.307927086265,1.52164454816122
22810,39061.340461988984,1.521889779563297
22820,39059.35899558839,1.5221367374741217
22830,39057.36352688867,1.5223854216328268
22840,39055.3540548869,1.5226358317770925
22850,39053.330578572975,1.5228879676431546
22860,39051.293096929665,1.5231418289658112
22870,39049.24160893261,1.5233974154784318
22880,39047.17611355025,1.5236547269129639
22890,39045.096609743916,1.5239137629999422
22900,39043.00309646777,1.524174523468496
22910,39040.89557266881,1.5244370080463576
22920,39038.77403728688,1.5247012164598694
22930,39036.63848925465,1.5249671484339933
22940,39034.488927497645,1.5252348036923176
22950,39032.32535093418,1.5255041819570674
22960,39030.14775847545,1.5257752829491094
22970,39027.95614902542,1.5260481063879634
22980,39025.750521480935,1.5263226519918094
22990,39023.530874731594,1.5265989194774954
23000,39021.29720765986,1.5268769085605465
23010,39019.04951914099,1.5271566189551735
23020,39016.787808043046,1.527438050374281
23030,39014.512073226906,1.527721202529476
23040,39012.22231354624,1.5280060751310762
23050,39009.91852784755,1.52829266788812
23060,39007.60071497008,1.5285809805083728
23070,39005.268873745925,1.5288710126983378
23080,39002.92300299993,1.529162764163264
23090,39000.56310154976,1.5294562346071543
23100,38998.18916820582,1.5297514237327756
23110,38995.80120177135,1.5300483312416668
23120,38993.39920104232,1.5303469568341477
23130,38990.98316480751,1.5306473002093282
23140,38988.55309184845,1.5309493610651173
23150,38986.10898093946,1.5312531390982316
23160,38983.6508308476,1.5315586340042049
23170,38981.178640332706,1.5318658454773972
23180,38978.69240814738,1.5321747732110038
23190,38976.19213303695,1.5324854168970639
23200,38973.67781373952,1.5327977762264708
23210,38971.149448985954,1.53311185088898
23220,38968.60703749984,1.5334276405732197
23230,38966.050577997485,1.533745144966699
23240,38963.480069187994,1.534064363755818
23250,38960.89550977315,1.5343852966258757
23260,38958.2968984475,1.5347079432610824
23270,38955.68423389832,1.5350323033445656
23280,38953.05751480558,1.5353583765583823
23290,38950.41673984199,1.5356861625835267
23300,38947.761907672975,1.5360156610999407
23310,38945.09301695669,1.5363468717865225
23320,38942.41006634398,1.536679794321138
23330,38939.713054478394,1.537014428380629
23340,38937.00197999618,1.5373507736408225
23350,38934.27684152631,1.5376888297765416
23360,38931.53763769043,1.5380285964616154
23370,38928.78436710288,1.5383700733688865
23380,38926.0170283707,1.5387132601702243
23390,38923.235620093576,1.5390581565365318
23400,38920.440140863924,1.5394047621377571
23410,38917.63058926681,1.5397530766429026
23420,38914.806963879986,1.5401030997200356
23430,38911.96926327384,1.540454831036297
23440,38909.117486011455,1.5408082702579136
23450,38906.25163064858,1.5411634170502058
23460,38903.371695733586,1.5415202710775984
23470,38900.47767980753,1.5418788320036316
23480,38897.56958140412,1.5422390994909694
23490,38894.64739904967,1.5426010732014117
23500,38891.71113126317,1.542964752795903
23510,38888.760776556235,1.543330137934543
23520,38885.79633343312,1.5436972282765973
23530,38882.81780039071,1.5440660234805073
23540,38879.8251759185,1.5444365232039003
23550,38876.818458498616,1.5448087271036006
23560,38873.7976466058,1.5451826348356386
23570,38870.76273870741,1.5455582460552624
23580,38867.7137332634,1.5459355604169476
23590,38864.65062872635,1.5463145775744078
23600,38861.57342354141,1.5466952971806054
23610,38858.482116146355,1.5470777188877611
23620,38855.376704971524,1.5474618423473663
23630,38852.25718843988,1.5478476672101915
23640,38849.12356496692,1.548235193126298
23650,38845.97583296076,1.5486244197450498
23660,38842.81399082208,1.5490153467151202
23670,38839.638036944125,1.5494079736845074
23680,38836.4479697127,1.5498023003005417
23690,38833.243787506195,1.5501983262098975
23700,38830.02548869552,1.550596051058604
23710,38826.79307164417,1.5509954744920562
23720,38823.54653470817,1.5513965961550251
23730,38820.28587623609,1.551799415691668
23740,38817.011094569054,1.552203932745541
23750,38813.7221880407,1.5526101469596085
23760,38810.41915497722,1.5530180579762547
23770,38807.10199369729,1.5534276654372943
23780,38803.77070251215,1.5538389689839833
23790,38800.42527972554,1.55425196825703
23800,38797.06572363371,1.5546666628966062
23810,38793.69203252541,1.555083052542358
23820,38790.30420468192,1.5555011368334173
23830,38786.902238376955,1.5559209154084117
23840,38783.486131876816,1.5563423879054765
23850,38780.05588344021,1.5567655539622658
23860,38776.611491318356,1.5571904132159635
23870,38773.15295375497,1.5576169653032936
23880,38769.68026898621,1.558045209860533
23890,38766.19343524073,1.558475146523521
23900,38762.69245073963,1.5589067749276713
23910,38759.17731369648,1.5593400947079836
23920,38755.6480223173,1.5597751054990538
23930,38752.10457480054,1.560211806935086
23940,38748.54696933714,1.560650198649904
23950,38744.97520411044,1.561090280276962
23960,38741.38927729623,1.5615320514493554
23970,38737.78918706272,1.5619755117998335
23980,38734.17493157056,1.5624206609608107
23990,38730.5465089728,1.562867498564376
24000,38726.90391741492,1.5633160242423068
24010,38723.24715503481,1.5637662376260792
24020,38719.57621996276,1.5642181383468792
24030,38715.89111032144,1.5646717260356142
24040,38712.19182422595,1.5651270003229256
24050,38708.478359783745,1.5655839608391984
24060,38704.75071509469,1.5660426072145743
24070,38701.008888251,1.5665029390789622
24080,38697.252877337305,1.5669649560620504
24090,38693.48268043055,1.5674286577933179
24100,38689.69829560008,1.5678940439020457
24110,38685.89972090759,1.5683611140173288
24120,38682.08695440712,1.568829867768088
24130,38678.25999414505,1.5693003047830807
24140,38674.41883816014,1.5697724246909128
24150,38670.56348448343,1.570246227120051
24160,38666.69393113832,1.5707217116988337
24170,38662.810176140534,1.5711988780554835
24180,38658.91221749812,1.5716777258181172
24190,38655.00005321142,1.57215825461476
24200,38651.073681273105,1.5726404640733556
24210,38647.13309966813,1.5731243538217776
24220,38643.17830637378,1.5736099234878422
24230,38639.20929935958,1.57409717269932
24240,38635.226076587394,1.5745861010839473
24250,38631.228636011336,1.5750767082694377
24260,38627.21697557779,1.5755689938834943
24270,38623.191093225425,1.5760629575538219
24280,38619.150986885164,1.576558598908138
24290,38615.0966544802,1.5770559175741854
24300,38611.02809392596,1.5775549131797433
24310,38606.945303130145,1.5780555853526397
24320,38602.84827999266,1.5785579337207631
24330,38598.737022405665,1.579061957912075
24340,38594.61152825355,1.5795676575546205
24350,38590.471795412916,1.5800750322765416
24360,38586.31782175259,1.580584081706088
24370,38582.149605133614,1.5810948054716298
24380,38577.96714340922,1.5816072032016697
24390,38573.770434424856,1.5821212745248534
24400,38569.55947601815,1.5826370190699837
24410,38565.33426601891,1.583154436466031
24420,38561.094802249165,1.5836735263421453
24430,38556.84108252306,1.5841942883276698
24440,38552.57310464695,1.5847167220521508
24450,38548.29086641935,1.585240827145351
24460,38543.99436563092,1.5857666032372615
24470,38539.68360006446,1.5862940499581129
24480,38535.35856749494,1.586823166938389
24490,38531.01926568946,1.587353953808837
24500,38526.66569240724,1.5878864102004813
24510,38522.297845399626,1.5884205357446337
24520,38517.915722410115,1.588956330072908
24530,38513.519321174266,1.5894937928172295
24540,38509.108639419785,1.5900329236098485
24550,38504.68367486645,1.590573722083353
24560,38500.24442522616,1.5911161878706785
24570,38495.790888202886,1.5916603206051232
24580,38491.32306149269,1.592206119920358
24590,38486.84094278368,1.592753585450439
24600,38482.344529756076,1.5933027168298202
24610,38477.83382008212,1.5938535136933654
24620,38473.30881142614,1.5944059756763598
24630,38468.7695014445,1.5949601024145235
24640,38464.21588778559,1.5955158935440223
24650,38459.647968089856,1.596073348701481
24660,38455.065739989775,1.5966324675239947
24670,38450.46920110984,1.5971932496491414
24680,38445.85834906653,1.597755694714995
24690,38441.23318146839,1.5983198023601353
24700,38436.59369591594,1.5988855722236628
24710,38431.939890001675,1.5994530039452093
24720,38427.2717613101,1.6000220971649506
24730,38422.58930741771,1.600592851523619
24740,38417.892525892945,1.6011652666625151
24750,38413.181414296254,1.6017393422235202
24760,38408.45597018002,1.6023150778491089
24770,38403.71619108858,1.6028924731823604
24780,38398.962074558214,1.6034715278669722
24790,38394.19361811718,1.6040522415472709
24800,38389.410819285615,1.6046346138682255
24810,38384.613675575616,1.6052186444754595
24820,38379.80218449121,1.6058043330152627
24830,38374.976343528295,1.6063916791346036
24840,38370.136150174716,1.6069806824811423
24850,38365.281601910196,1.6075713427032423
24860,38360.41269620635,1.6081636594499826
24870,38355.52943052669,1.6087576323711705
24880,38350.63180232657,1.6093532611173538
24890,38345.71980905326,1.6099505453398326
24900,38340.79344814587,1.6105494846906718
24910,38335.85271703536,1.611150078822714
24920,38330.897613144545,1.6117523273895917
24930,38325.92813388808,1.6123562300457384
24940,38320.94427667245,1.6129617864464025
24950,38315.94603889598,1.6135689962476585
24960,38310.933417948785,1.6141778591064202
24970,38305.90641121282,1.6147883746804526
24980,38300.86501606183,1.6154005426283835
24990,38295.80922986135,1.6160143626097172
25000,38290.73904996872,1.6166298342848462
25010,38285.65447373305,1.617246957315063
25020,38280.55549849524,1.617865731362573
25030,38275.44212158793,1.6184861560905075
25040,38270.314340335535,1.6191082311629341
25050,38265.17215205422,1.6197319562448713
25060,38260.01555405189,1.6203573310022992
25070,38254.844543628176,1.6209843551021725
25080,38249.659118074465,1.6216130282124328
25090,38244.45927467384,1.6222433500020206
25100,38239.2450107011,1.6228753201408883
25110,38234.01632342276,1.6235089383000119
25120,38228.77321009701,1.6241442041514034
25130,38223.51566797376,1.624781117368124
25140,38218.24369429457,1.6254196776242948
25150,38212.95728629269,1.6260598845951115
25160,38207.65644119304,1.6267017379568534
25170,38202.34115621218,1.6273452373868993
25180,38197.011428558326,1.6279903825637376
25190,38191.667255431355,1.628637173166979
25200,38186.30863402276,1.6292856088773702
25210,38180.93556151564,1.629935689376803
25220,38175.54803508475,1.6305874143483312
25230,38170.14605189643,1.6312407834761786
25240,38164.72960910862,1.6318957964457546
25250,38159.298703870874,1.6325524529436637
25260,38153.85333332431,1.6332107526577209
25270,38148.39349460162,1.6338706952769613
25280,38142.91918482709,1.6345322804916536
25290,38137.43040111655,1.6351955079933131
25300,38131.92714057736,1.6358603774747127
25310,38126.40940030846,1.6365268886298956
25320,38120.8771774003,1.6371950411541885
25330,38115.33046893487,1.637864834744213
25340,38109.769271985686,1.638536269097898
25350,38104.193583617736,1.6392093439144926
25360,38098.60340088756,1.6398840588945776
25370,38092.99872084314,1.640560413740078
25380,38087.37954052398,1.6412384081542761
25390,38081.74585696106,1.6419180418418236
25400,38076.09766717679,1.6425993145087523
25410,38070.43496818508,1.6432822258624888
25420,38064.75775699127,1.6439667756118648
25430,38059.066030592134,1.6446529634671307
25440,38053.359785975896,1.6453407891399674
25450,38047.6390201222,1.6460302523434989
25460,38041.903730002094,1.646721352792304
25470,38036.15391257803,1.6474140902024286
25480,38030.38956480389,1.6481084642913988
25490,38024.61068362491,1.6488044747782327
25500,38018.817265977705,1.649502121383452
25510,38013.009308790286,1.6502014038290962
25520,38007.186808982005,1.6509023218387322
25530,38001.34976346358,1.651604875137469
25540,37995.498169137056,1.6523090634519686
25550,37989.632022895836,1.653014886510458
25560,37983.75132162462,1.653722344042743
25570,37977.856062199455,1.654431435780219
25580,37971.946241487676,1.655142161455884
25590,37966.02185634792,1.6558545208043507
25600,37960.08290363012,1.656568513561858
25610,37954.12938017549,1.6572841394662843
25620,37948.161282816494,1.6580013982571602
25630,37942.17860837688,1.6587202896756785
25640,37936.18135367164,1.6594408134647085
25650,37930.16951550702,1.6601629693688074
25660,37924.143090680474,1.6608867571342327
25670,37918.10207598071,1.6616121765089542
25680,37912.04646818762,1.662339227242667
25690,37905.97626407233,1.663067909086802
25700,37899.89146039715,1.6637982217945404
25710,37893.792053915575,1.6645301651208237
25720,37887.67804137228,1.665263738822368
25730,37881.549419503106,1.6659989426576738
25740,37875.40618503504,1.6667357763870403
25750,37869.24833468625,1.6674742397725768
25760,37863.07586516601,1.6682143325782146
25770,37856.88877317473,1.6689560545697195
25780,37850.68705540395,1.669699405514704
25790,37844.47070853632,1.6704443851826394
25800,37838.239729245564,1.6711909933448674
25810,37831.994114196525,1.6719392297746136
25820,37825.73386004511,1.6726890942469985
25830,37819.45896343831,1.67344058653905
25840,37813.16942101416,1.6741937064297154
25850,37806.86522940175,1.674948453699874
25860,37800.54638522123,1.6757048281323488
25870,37794.21288508374,1.6764628295119188
25880,37787.86472559148,1.6772224576253312
25890,37781.50190333762,1.677983712261313
25900,37775.124414906386,1.6787465932105845
25910,37768.73225687294,1.6795111002658691
25920,37762.32542580346,1.6802772332219078
25930,37755.903918255055,1.6810449918754702
25940,37749.46773077584,1.6818143760253659
25950,37743.01685990485,1.6825853854724582
25960,37736.55130217207,1.6833580200196754
25970,37730.07105409839,1.6841322794720222
25980,37723.57611219567,1.684908163636593
25990,37717.06647296661,1.685685672322583
26000,37710.54213290487,1.686464805341301
26010,37704.00308849495,1.687245562506181
26020,37697.44933621226,1.688027943632795
26030,37690.88087252306,1.6888119485388635
26040,37684.29769388446,1.6895975770442693
26050,37677.69979674443,1.6903848289710683
26060,37671.08717754176,1.6911737041435027
26070,37664.45983270608,1.6919642023880115
26080,37657.817758657824,1.692756323533244
26090,37651.16095180821,1.6935500674100712
26100,37644.48940855928,1.6943454338515982
26110,37637.80312530384,1.6951424226931753
26120,37631.10209842547,1.6959410337724108
26130,37624.386324298495,1.6967412669291828
26140,37617.65579928802,1.697543122005652
26150,37610.91051974985,1.6983465988462716
26160,37604.15048203054,1.6991516972978018
26170,37597.375682467355,1.69995841720932
26180,37590.586117388266,1.700766758432234
26190,37583.78178311193,1.701576720820293
26200,37576.9626759477,1.7023883042296
26210,37570.12879219558,1.7032015085186243
26220,37563.28012814625,1.7040163335482124
26230,37556.41668008104,1.7048327791816007
26240,37549.53844427191,1.7056508452844277
26250,37542.645416981446,1.7064705317247448
26260,37535.737594462844,1.7072918383730298
26270,37528.81497295992,1.7081147651021977
26280,37521.877548707074,1.7089393117876133
26290,37514.92531792929,1.7097654783071023
26300,37507.95827684211,1.7105932645409645
26310,37500.976421651656,1.7114226703719846
26320,37493.979748554564,1.7122536956854446
26330,37486.96825373805,1.713086340369136
26340,37479.94193337981,1.7139206043133715
26350,37472.90078364806,1.7147564874109964
26360,37465.844800701554,1.7155939895574013
26370,37458.77398068949,1.7164331106505337
26380,37451.68831975156,1.7172738505909095
26390,37444.58781401793,1.7181162092816262
26400,37437.4724596092,1.7189601866283728
26410,37430.34225263643,1.719805782539444
26420,37423.19718920111,1.7206529969257494
26430,37416.03726539513,1.7215018297008282
26440,37408.86247730079,1.7223522807808591
26450,37401.6728209908,1.7232043500846734
26460,37394.468292528254,1.7240580375337657
26470,37387.24888796658,1.724913343052307
26480,37380.01460334961,1.7257702665671555
26490,37372.7654347115,1.7266288080078689
26500,37365.50137807673,1.7274889673067173
26510,37358.22242946012,1.7283507443986927
26520,37350.92858486678,1.729214139221523
26530,37343.61984029214,1.7300791517156835
26540,37336.29619172191,1.7309457818244078
26550,37328.95763513205,1.7318140294937001
26560,37321.6041664888,1.7326838946723475
26570,37314.235781748655,1.7335553773119312
26580,37306.85247685832,1.7344284773668392
26590,37299.45424775476,1.7353031947942772
26600,37292.041090365106,1.7361795295542803
26610,37284.61300060672,1.7370574816097266
26620,37277.16997438713,1.737937050926347
26630,37269.71200760406,1.7388182374727377
26640,37262.23909614537,1.7397010412203726
26650,37254.75123588907,1.7405854621436145
26660,37247.24842270333,1.741471500219727
26670,37239.7306524464,1.7423591554288866
26680,37232.19792096669,1.743248427754194
26690,37224.65022410266,1.744139317181687
26700,37217.08755768287,1.7450318237003508
26710,37209.50991752596,1.7459259473021311
26720,37201.91729944062,1.746821687981945
26730,37194.30969922557,1.7477190457376934
26740,37186.6871126696,1.7486180205702728
26750,37179.049535551465,1.7495186124835866
26760,37171.39696363998,1.7504208214845574
26770,37163.72939269392,1.7513246475831388
26780,37156.046818462026,1.7522300907923267
26790,37148.349236683054,1.7531371511281715
26800,37140.636643085665,1.7540458286097902
26810,37132.909033388474,1.7549561232593776
26820,37125.16640330003,1.755868035102218
26830,37117.40874851879,1.756781564166698
26840,37109.63606473311,1.757696710484317
26850,37101.84834762122,1.7586134740897001
26860,37094.04559285123,1.7595318550206096
26870,37086.227796081126,1.7604518533179556
26880,37078.39495295872,1.76137346902581
26890,37070.54705912164,1.7622967021914162
26900,37062.68411019738,1.7632215528652027
26910,37054.80610180317,1.7641480211007932
26920,37046.91302954609,1.7650761069550198
26930,37039.00488902298,1.7660058104879337
26940,37031.081675820424,1.7669371317628175
26950,37023.14338551477,1.7678700708461976
26960,37015.1900136721,1.7688046278078549
26970,37007.221555848206,1.7697408027208366
26980,36999.23800758861,1.7706785956614695
26990,36991.239364428504,1.7716180067093703
27000,36983.22562189276,1.7725590359474572
27010,36975.19677549593,1.7735016834619644
27020,36967.1528207422,1.7744459493424487
27030,36959.09375312541,1.7753918336818075
27040,36951.019568129,1.7763393365762858
27050,36942.930261226036,1.7772884581254909
27060,36934.82582787916,1.7782391984324017
27070,36926.70626354061,1.779191557603383
27080,36918.571563652185,1.7801455357481961
27090,36910.421723645224,1.7811011329800104
27100,36902.25673894062,1.7820583494154152
27110,36894.07660494875,1.7830171851744325
27120,36885.88131706956,1.783977640380528
27130,36877.670870692404,1.7849397151606234
27140,36869.445261196204,1.785903409645107
27150,36861.204483949274,1.786868723967847
27160,36852.94853430941,1.7878356582662025
27170,36844.677407623836,1.7888042126810362
27180,36836.39109922918,1.789774387356725
27190,36828.08960445149,1.7907461824411723
27200,36819.77291860619,1.7917195980858214
27210,36811.4410369981,1.792694634445664
27220,36803.09395492136,1.7936712916792552
27230,36794.73166765949,1.7946495699487237
27240,36786.35417048532,1.7956294694197843
27250,36777.961458661,1.7966109902617498
27260,36769.55352743796,1.7975941326475418
27270,36761.130372056934,1.7985788967537042
27280,36752.691987747916,1.7995652827604136
27290,36744.238369730156,1.8005532908514925
27300,36735.76951321213,1.80154292121442
27310,36727.285413391546,1.8025341740403447
27320,36718.786065455315,1.8035270495240951
27330,36710.27146457953,1.8045215478641936
27340,36701.74160592946,1.8055176692628667
27350,36693.19648465956,1.8065154139260575
27360,36684.63609591339,1.8075147820634379
27370,36676.06043482365,1.8085157738884192
27380,36667.469496512174,1.8095183896181668
27390,36658.86327608986,1.810522629473609
27400,36650.241768656706,1.8115284936794502
27410,36641.60496930177,1.812535982464184
27420,36632.95287310316,1.813545096060103
27430,36624.28547512801,1.8145558347033122
27440,36615.60277043248,1.815568198633741
27450,36606.90475406173,1.8165821880951543
27460,36598.1914210499,1.8175978033351645
27470,36589.462766420096,1.818615044605245
27480,36580.718785184385,1.81963391216074
27490,36571.95947234376,1.8206544062608787
27500,36563.18482288814,1.8216765271687847
27510,36554.39483179635,1.822700275151491
27520,36545.589494036096,1.8237256504799493
27530,36536.76880456396,1.824752653429044
27540,36527.932758325376,1.825781284277603
27550,36519.08135025461,1.8268115433084104
27560,36510.21457527475,1.8278434308082185
27570,36501.33242829771,1.8288769470677595
27580,36492.43490422416,1.8299120923817578
27590,36483.52199794355,1.830948867048942
27600,36474.5937043341,1.8319872713720573
27610,36465.65001826275,1.833027305657877
27620,36456.690934585175,1.834068970217215
27630,36447.716448145744,1.8351122653649379
27640,36438.7265537775,1.8361571914199772
27650,36429.7212463022,1.837203748705341
27660,36420.700520530205,1.8382519375481268
27670,36411.66437126054,1.839301758279533
27680,36402.61279328082,1.8403532112348713
27690,36393.545781367306,1.8414062967535791
27700,36384.46333028481,1.842461015179232
27710,36375.36543478671,1.8435173668595544
27720,36366.25208961495,1.8445753521464336
27730,36357.12328949999,1.845634971395931
27740,36347.97902916084,1.8466962249682948
27750,36338.81930330495,1.847759113227972
27760,36329.644106628286,1.8488236365436201
27770,36320.453433815266,1.8498897952881206
27780,36311.24727953876,1.8509575898385902
27790,36302.025638460065,1.8520270205763936
27800,36292.788505228884,1.853098087887156
27810,36283.535874483285,1.8541707921607744
27820,36274.26774084975,1.8552451337914313
27830,36264.9840989431,1.8563211131776063
27840,36255.68494336649,1.857398730722088
27850,36246.37026871139,1.8584779868319883
27860,36237.04006955759,1.8595588819187514
27870,36227.69434047313,1.8606414163981693
27880,36218.33307601434,1.8617255906903931
27890,36208.95627072582,1.8628114052199454
27900,36199.56391914033,1.8638988604157327
27910,36190.156015778906,1.8649879567110577
27920,36180.73255515074,1.866078694543632
27930,36171.29353175321,1.867171074355589
27940,36161.838940071844,1.8682650965934953
27950,36152.3687745803,1.8693607617083645
27960,36142.88302974038,1.870458070155669
27970,36133.38170000195,1.8715570223953522
27980,36123.86477980297,1.8726576188918418
27990,36114.33226356949,1.8737598601140621
28000,36104.784145715545,1.8748637465354465
28010,36095.22042064325,1.8759692786339508
28020,36085.64108274269,1.877076456892064
28030,36076.046126391935,1.8781852817968236
28040,36066.43554595706,1.8792957538398256
28050,36056.809335792044,1.8804078735172387
28060,36047.16749023881,1.8815216413298177
28070,36037.5100036272,1.8826370577829135
28080,36027.836870274936,1.8837541233864896
28090,36018.14808448762,1.8848728386551306
28100,36008.44364055868,1.885993204108059
28110,35998.72353276943,1.8871152202691455
28120,35988.98775538893,1.888238887666922
28130,35979.23630267409,1.8893642068345955
28140,35969.46916886955,1.8904911783100604
28150,35959.68634820774,1.8916198026359115
28160,35949.88783490878,1.8927500803594552
28170,35940.07362318057,1.893882012032726
28180,35930.243707218644,1.895015598212496
28190,35920.39808120624,1.89615083946029
28200,35910.536739314244,1.8972877363423968
28210,35900.65967570118,1.8984262894298833
28220,35890.76688451319,1.899566499298608
28230,35880.858359884,1.9007083665292321
28240,35870.934095934914,1.901851891707235
28250,35860.994086774794,1.9029970754229248
28260,35851.03832650005,1.9041439182714537
28270,35841.06680919458,1.9052924208528297
28280,35831.07952892978,1.9064425837719305
28290,35821.076479764546,1.9075944076385156
28300,35811.05765574519,1.9087478930672415
28310,35801.02305090548,1.909903040677672
28320,35790.97265926659,1.9110598510942944
28330,35780.90647483708,1.9122183249465305
28340,35770.82449161289,1.9133784628687518
28350,35760.7267035773,1.9145402655002908
28360,35750.61310470091,1.9157037334854559
28370,35740.48368894167,1.9168688674735441
28380,35730.338450244744,1.9180356681188546
28390,35720.177382542635,1.919204136080702
28400,35710.00047975504,1.9203742720234294
28410,35699.80773578892,1.9215460766164227
28420,35689.59914453839,1.9227195505341237
28430,35679.374699884786,1.9238946944560433
28440,35669.13439569659,1.9250715090667756
28450,35658.87822582941,1.9262499950560106
28460,35648.60618412599,1.9274301531185494
28470,35638.31826441616,1.928611983954315
28480,35628.01446051682,1.9297954882683699
28490,35617.694766231936,1.9309806667709257
28500,35607.35917535248,1.9321675201773594
28510,35597.00768165646,1.9333560492082265
28520,35586.64027890885,1.9345462545892746
28530,35576.256960861596,1.9357381370514568
28540,35565.85772125358,1.9369316973309467
28550,35555.44255381063,1.9381269361691507
28560,35545.01145224543,1.939323854312723
28570,35534.56441025758,1.9405224525135791
28580,35524.1014215335,1.9417227315289105
28590,35513.62247974648,1.942924692121196
28600,35503.127578556596,1.94412833505822
28610,35492.61671161071,1.9453336611130818
28620,35482.08987254245,1.9465406710642141
28630,35471.547054972194,1.947749365695394
28640,35460.988252507035,1.9489597457957577
28650,35450.41345874077,1.950171812159816
28660,35439.822667253844,1.9513855655874666
28670,35429.215871613385,1.9526010068840098
28680,35418.59306537314,1.953818136860162
28690,35407.95424207345,1.95503695633207
28700,35397.29939524126,1.956257466121326
28710,35386.62851839005,1.9574796670549806
28720,35375.94160501985,1.9587035599655584
28730,35365.2386486172,1.9599291456910721
28740,35354.51964265515,1.9611564250750364
28750,35343.78458059317,1.9623853989664835
28760,35333.033455877216,1.9636160682199764
28770,35322.26626193964,1.9648484336956242
28780,35311.48299219922,1.9660824962590973
28790,35300.68364006106,1.9673182567816399
28800,35289.868198916665,1.968555716140087
28810,35279.036662143815,1.9697948752168783
28820,35268.189023106635,1.971035734900072
28830,35257.32527515549,1.9722782960833602
28840,35246.445411627035,1.973522559666085
28850,35235.549425844125,1.9747685265532513
28860,35224.63731111584,1.976016197655542
28870,35213.709060737434,1.977265573889334
28880,35202.76466799031,1.9785166561767131
28890,35191.80412614202,1.9797694454454882
28900,35180.82742844621,1.9810239426292056
28910,35169.834568142636,1.9822801486671664
28920,35158.825538457066,1.9835380645044394
28930,35147.80033260135,1.984797691091878
28940,35136.758943773326,1.9860590293861335
28950,35125.70136515683,1.9873220803496723
28960,35114.627589921634,1.9885868449507895
28970,35103.53761122347,1.9898533241636258
28980,35092.43142220399,1.9911215189681806
28990,35081.3090159907,1.9923914303503298
29000,35070.17038569698,1.9936630593018405
29010,35059.01552442207,1.9949364068203852
29020,35047.844425250994,1.9962114739095587
29030,35036.657081254554,1.9974882615788936
29040,35025.45348548934,1.9987667708438752
29050,35014.23363099767,2.000047002725958
29060,35002.997510807545,2.0013289582525804
29070,34991.74511793269,2.002612638457181
29080,34980.47644537246,2.0038980443792145
29090,34969.191486111835,2.0051851770641673
29100,34957.89023312144,2.0064740375635735
29110,34946.57267935745,2.007764626935031
29120,34935.2388177616,2.0090569462422168
29130,34923.88864126117,2.010350996554903
29140,34912.522142768896,2.0116467789489745
29150,34901.139315183056,2.0129442945064437
29160,34889.74015138733,2.0142435443154647
29170,34878.32464425083,2.015544529470355
29180,34866.89278662809,2.016847251071605
29190,34855.44457135899,2.018151710225901
29200,34843.97999126875,2.0194579080461352
29210,34832.499039167946,2.020765845651427
29220,34821.0017078524,2.022075524167136
29230,34809.487990103225,2.023386944724882
29240,34797.95787868676,2.0247001084625573
29250,34786.41136635455,2.0260150165243482
29260,34774.84844584335,2.0273316700607458
29270,34763.26910987505,2.0286500702285686
29280,34751.673351156656,2.029970218190975
29290,34740.06116238032,2.0312921151174823
29300,34728.43253622322,2.0326157621839815
29310,34716.78746534762,2.0339411605727573
29320,34705.12594240076,2.0352683114725023
29330,34693.44796001492,2.036597216078336
29340,34681.75351080732,2.0379278755918184
29350,34670.04258738012,2.0392602912209723
29360,34658.315182320395,2.0405944641802964
29370,34646.57128820008,2.0419303956907835
29380,34634.81089757599,2.0432680869799387
29390,34623.03400298975,2.0446075392817957
29400,34611.240596967786,2.045948753836935
29410,34599.43067202129,2.047291731892501
29420,34587.604220646215,2.0486364747022185
29430,34575.76123532319,2.049982983526412
29440,34563.901708517544,2.0513312596320223
29450,34552.02563267926,2.0526813042926237
29460,34540.13300024297,2.0540331187884435
29470,34528.22380362787,2.055386704406378
29480,34516.29803523775,2.056742062440011
29490,34504.35568746092,2.0580991941896314
29500,34492.39675267021,2.0594581009622517
29510,34480.42122322294,2.060818784071625
29520,34468.42909146087,2.0621812448382664
29530,34456.4203497102,2.063545484589465
29540,34444.394990281486,2.0649115046593076
29550,34432.353005469704,2.066279306388695
29560,34420.29438755414,2.0676488911253594
29570,34408.219128798366,2.0690202602238847
29580,34396.12722145025,2.0703934150457233
29590,34384.01865774193,2.0717683569592156
29600,34371.893429889715,2.073145087339608
29610,34359.75153009412,2.0745236075690716
29620,34347.592950539845,2.0759039190367212
29630,34335.41768339565,2.077286023138634
29640,34323.22572081447,2.0786699212778688
29650,34311.01705493326,2.080055614864482
29660,34298.79167787302,2.0814431053155533
29670,34286.54958173875,2.0828323940551963
29680,34274.29075861944,2.084223482514584
29690,34262.01520058801,2.085616372131964
29700,34249.72289970131,2.0870110643526814
29710,34237.41384800006,2.088407560629194
29720,34225.088037508816,2.0898058624210947
29730,34212.74546023601,2.0912059711951305
29740,34200.38610817381,2.09260788842522
29750,34188.00997329816,2.0940116155924757
29760,34175.61704756875,2.095417154185222
29770,34163.20732292892,2.0968245056990145
29780,34150.780791305755,2.0982336716366614
29790,34138.33744460989,2.0996446535082414
29800,34125.877274735605,2.1010574528311263
29810,34113.40027356074,2.102472071129998
29820,34100.90643294668,2.1038885099368705
29830,34088.3957447383,2.105306770791109
29840,34075.86820076399,2.1067268552394514
29850,34063.32379283552,2.108148764836027
29860,34050.76251274814,2.109572501142378
29870,34038.18435228042,2.1109980657274785
29880,34025.58930319431,2.1124254601677586
29890,34012.97735723505,2.11385468604712
29900,34000.3485061312,2.1152857449569593
29910,33987.70274159452,2.1167186384961907
29920,33975.04005532001,2.1181533682712614
29930,33962.36043898586,2.1195899358961787
29940,33949.663884253394,2.1210283429925263
29950,33936.95038276705,2.122468591189487
29960,33924.21992615438,2.1239106821238654
29970,33911.472506025944,2.1253546174401055
29980,33898.70811397536,2.1268003987903157
29990,33885.9267415792,2.128248027834288
30000,33873.12838039699,2.1296975062395194
30010,33860.31302197119,2.1311488356812345
30020,33847.480657827124,2.1326020178424074
30030,33834.631279472975,2.134057054413781
30040,33821.76487839974,2.1355139470938913
30050,33808.8814460812,2.1369726975890893
30060,33795.98097397388,2.1384333076135595
30070,33783.06345351701,2.1398957788893465
30080,33770.128876132505,2.141360113146374
30090,33757.17723322494,2.142826312122469
30100,33744.208516181476,2.144294377563382
30110,33731.222716371856,2.1457643112228104
30120,33718.21982514837,2.147236114862422
30130,33705.19983384581,2.148709790251876
30140,33692.162733781435,2.150185339168846
30150,33679.10851625495,2.1516627633990435
30160,33666.03717254845,2.1531420647362394
30170,33652.948693926395,2.1546232449822877
30180,33639.84307163558,2.156106305947149
30190,33626.7202969051,2.1575912494489127
30200,33613.5803609463,2.15907807731382
30210,33600.42325495274,2.1605667913762874
30220,33587.24897010019,2.1620573934789316
30230,33574.057497546564,2.16354988547259
30240,33560.84882843188,2.165044269216347
30250,33547.62295387825,2.166540546577556
30260,33534.37986498983,2.168038719431863
30270,33521.11955285277,2.169538789663232
30280,33507.8420085352,2.1710407591639673
30290,33494.54722308718,2.1725446298347384
30300,33481.23518754068,2.1740504035846038
30310,33467.90589290952,2.175558082331035
30320,33454.559330189346,2.1770676679999412
30330,33441.1954903576,2.1785791625256934
30340,33427.81436437346,2.1800925678511494
30350,33414.41594317782,2.1816078859276775
30360,33401.00021769326,2.183125118715182
30370,33387.567178824,2.1846442681821285
30380,33374.11681745585,2.1861653363055664
30390,33360.649124456184,2.1876883250711567
30400,33347.16409067392,2.189213236473196
30410,33333.661706939434,2.1907400725146413
30420,33320.1419640646,2.1922688352071353
30430,33306.60485284265,2.1937995265710324
30440,33293.050364048206,2.195332148635424
30450,33279.47848843726,2.196866703438165
30460,33265.88921674706,2.198403193025898
30470,33252.282539696134,2.199941619454078
30480,33238.65844798422,2.2014819847870033
30490,33225.01693229225,2.2030242910978366
30500,33211.3579832823,2.2045685404686326
30510,33197.681591597524,2.206114734990366
30520,33183.98774786217,2.2076628767629543
30530,33170.2764426815,2.209212967895289
30540,33156.54766664177,2.2107650105052583
30550,33142.80141031017,2.2123190067197753
30560,33129.0376642348,2.213874958674804
30570,33115.25641894463,2.215432868515389
30580,33101.457664949485,2.2169927383956782
30590,33087.64139273993,2.218554570478953
30600,33073.80759278733,2.220118366937656
30610,33059.9562555437,2.2216841299534154
30620,33046.087371441776,2.2232518617170753
30630,33032.20093089489,2.224821564428723
30640,33018.29692429697,2.226393240297714
30650,33004.3753420225,2.227966891542704
30660,32990.43617442645,2.2295425203916746
30670,32976.47941184429,2.2311201290819596
30680,32962.505044591875,2.2326997198602787
30690,32948.51306296545,2.234281294982759
30700,32934.503457241626,2.2358648567149686
30710,32920.4762176773,2.2374504073319432
30720,32906.43133450962,2.2390379491182153
30730,32892.368797955976,2.2406274843678418
30740,32878.288598213905,2.2422190153844355
30750,32864.190725461085,2.243812544481191
30760,32850.07516985531,2.2454080739809164
30770,32835.94192153438,2.2470056062160615
30780,32821.79097061616,2.2486051435287475
30790,32807.62230719842,2.2502066882707963
30800,32793.43592135891,2.251810242803762
30810,32779.23180315522,2.2534158094989567
30820,32765.00994262479,2.2550233907374846
30830,32750.770329784857,2.2566329889102708
30840,32736.512954632402,2.2582446064180903
30850,32722.23780714414,2.2598582456716003
30860,32707.94487727643,2.261473909091369
30870,32693.63415496525,2.2630915991079066
30880,32679.30563012616,2.2647113181616976
30890,32664.959292654283,2.2663330687032297
30900,32650.59513242419,2.267956853193026
30910,32636.213139289925,2.2695826741016756
30920,32621.813303084935,2.2712105339098656
30930,32607.39561362203,2.2728404351084115
30940,32592.960060693316,2.27447238019829
30950,32578.50663407019,2.27610637169067
30960,32564.035323503267,2.277742412106945
30970,32549.54611872234,2.279380503978763
30980,32535.03900943636,2.2810206498480627
30990,32520.513985333346,2.2826628522671024
31000,32505.971036080366,2.2843071137984934
31010,32491.410151323507,2.285953437015233
31020,32476.8313206878,2.287601824500737
31030,32462.23453377719,2.2892522788488723
31040,32447.619780174493,2.2909048026639907
31050,32432.987049441326,2.292559398560961
31060,32418.336331118102,2.2942160691652034
31070,32403.667614723956,2.2958748171127215
31080,32388.980889756698,2.2975356450501385
31090,32374.276145692776,2.2991985556347276
31100,32359.553371987233,2.3008635515344493
31110,32344.812558073652,2.3025306354279826
31120,32330.053693364105,2.3041998100047607
31130,32315.276767249125,2.3058710779650067
31140,32300.481769097627,2.307544442019764
31150,32285.66868825689,2.3092199048909365
31160,32270.83751405254,2.3108974693113193
31170,32255.98823578839,2.3125771380246345
31180,32241.120842746524,2.3142589137855665
31190,32226.235324187168,2.315942799359801
31200,32211.331669348656,2.3176287975240535
31210,32196.409867447408,2.3193169110661103
31220,32181.469907677863,2.3210071427848633
31230,32166.51177921243,2.3226994954903453
31240,32151.53547120143,2.324393972003765
31250,32136.540972773088,2.326090575157547
31260,32121.528273033422,2.3277893077953635
31270,32106.497361066256,2.329490172772174
31280,32091.448225933134,2.331193172954263
31290,32076.38085667327,2.332898311219275
31300,32061.295242303517,2.3346055904562504
31310,32046.191371818313,2.3363150135656667
31320,32031.06923418963,2.3380265834594725
31330,32015.928818366898,2.339740303061128
31340,32000.77011327701,2.3414561753056407
31350,31985.59310782423,2.3431742031396037
31360,31970.39779089013,2.344894389521236
31370,31955.18415133361,2.346616737420418
31380,31939.95217799075,2.348341249818732
31390,31924.701859674853,2.3500679297094993
31400,31909.43318517632,2.3517967800978217
31410,31894.146143262653,2.3535278040006187
31420,31878.840722678367,2.3552610044466658
31430,31863.516912144958,2.3569963844766373
31440,31848.174700360847,2.3587339471431426
31450,31832.81407600132,2.3604736955107684
31460,31817.435027718493,2.3622156326561177
31470,31802.03754414126,2.3639597616678487
31480,31786.621613875206,2.3657060856467185
31490,31771.187225502596,2.3674546077056213
31500,31755.73436758232,2.3692053309696295
31510,31740.263028649817,2.3709582585760343
31520,31724.773197217015,2.3727133936743883
31530,31709.26486177233,2.3744707394265467
31540,31693.73801078055,2.376230299006707
31550,31678.19263268284,2.377992075601452
31560,31662.62871589663,2.3797560724097924
31570,31647.046248815604,2.381522292643209
31580,31631.44521980964,2.3832907395256933
31590,31615.82561722475,2.385061416293791
31600,31600.18742938301,2.3868343261966456
31610,31584.53064458254,2.3886094724960407
31620,31568.855251097426,2.3903868584664427
31630,31553.161237177657,2.392166487395045
31640,31537.448591049113,2.393948362581811
31650,31521.717300913457,2.395732487339519
31660,31505.967354948116,2.397518864993805
31670,31490.1987413062,2.3993074988832057
31680,31474.411448116487,2.401098392359207
31690,31458.60546348332,2.4028915487862847
31700,31442.78077548658,2.4046869715419508
31710,31426.937372181616,2.406484664016799
31720,31411.07524159921,2.4082846296145504
31730,31395.194371745507,2.410086871752096
31740,31379.294750601934,2.4118913938595465
31750,31363.376366125194,2.413698199380276
31760,31347.43920624718,2.415507291770968
31770,31331.483258874905,2.417318674501663
31780,31315.508511890483,2.419132351055804
31790,31299.514953151032,2.4209483249302832
31800,31283.50257048865,2.4227665996354917
31810,31267.47135171033,2.4245871786953623
31820,31251.421284597935,2.426410065647422
31830,31235.352356908086,2.4282352640428346
31840,31219.264556372167,2.430062777446454
31850,31203.157870696225,2.431892609436868
31860,31187.032287560927,2.4337247636064494
31870,31170.887794621507,2.4355592435614035
31880,31154.724379507672,2.4373960529218173
31890,31138.54202982359,2.439235195321709
31900,31122.340733147823,2.4410766744090777
31910,31106.120477033226,2.442920493845952
31920,31089.881249006954,2.44476665730844
31930,31073.62303657031,2.4466151684867805
31940,31057.345827198784,2.448466031085393
31950,31041.04960834195,2.4503192488229284
31960,31024.734367423378,2.4521748254323184
31970,31008.400091840624,2.454032764660829
31980,30992.046768965127,2.4558930702701107
31990,30975.67438614218,2.45775574603625
32000,30959.282930690853,2.4596207957498213
32010,30942.87238990394,2.4614882232159396
32020,30926.442751047885,2.4633580322543134
32030,30909.994001362727,2.465230226699295
32040,30893.526128062047,2.467104810399936
32050,30877.039118332897,2.4689817872200397
32060,30860.532959335716,2.470861161038214
32070,30844.007638204326,2.472742935747926
32080,30827.463142045824,2.474627115257555
32090,30810.89945794052,2.4765137034904483
32100,30794.316572941883,2.478402704384974
32110,30777.714474076507,2.480294121894575
32120,30761.093148343978,2.4821879599878303
32130,30744.452582716884,2.4840842226485007
32140,30727.7927641407,2.4859829138755924
32150,30711.11367953375,2.487884037683409
32160,30694.415315787155,2.4897875981016093
32170,30677.697659764723,2.4916935991752625
32180,30660.960698302923,2.4936020449649052
32190,30644.204418210815,2.495512939546601
32200,30627.42880626997,2.497426287011994
32210,30610.633849234422,2.4993420914683675
32220,30593.81953383059,2.5012603570387038
32230,30576.98584675722,2.503181087861742
32240,30560.132774685328,2.5051042880920336
32250,30543.260304258103,2.5070299619000047
32260,30526.368422090876,2.5089581134720134
32270,30509.457114771045,2.510888747010409
32280,30492.526368857973,2.5128218667335935
32290,30475.576170882996,2.5147574768760794
32300,30458.606507349272,2.516695581688552
32310,30441.617364731785,2.518636185437927
32320,30424.608729477215,2.5205792924074153
32330,30407.580588003933,2.5225249068965807
32340,30390.532926701868,2.5244730332214047
32350,30373.465731932512,2.5264236757143452
32360,30356.37899002878,2.528376838724401
32370,30339.272687294993,2.530332526617174
32380,30322.146810006787,2.5322907437749294
32390,30305.001344411052,2.5342514945966625
32400,30287.83627672585,2.5362147834981608
32410,30270.651593140363,2.538180614912066
32420,30253.447279814834,2.540148993287941
32430,30236.223322880447,2.5421199230923315
32440,30218.979708439307,2.544093408808833
32450,30201.716422564357,2.546069454938156
32460,30184.433451299286,2.548048065998189
32470,30167.130780658517,2.550029246524065
32480,30149.808396627042,2.5520130010682314
32490,30132.466285160444,2.55399933420051
32500,30115.104432184773,2.5559882505081704
32510,30097.722823596494,2.557979754595991
32520,30080.321445262416,2.559973851086331
32530,30062.900283019597,2.561970544619197
32540,30045.459322675306,2.5639698398523088
32550,30027.99855000693,2.565971741461172
32560,30010.517950761896,2.567976254139144
32570,29993.017510657635,2.569983382597504
32580,29975.497215381452,2.5719931315655233
32590,29957.957050590507,2.574005505790534
32600,29940.39700191171,2.576020510037999
32610,29922.81705494166,2.5780381490915873
32620,29905.217195246558,2.5800584277532375
32630,29887.597408362148,2.5820813508432345
32640,29869.95767979366,2.5841069232002813
32650,29852.297995015673,2.5861351496815677
32660,29834.61833947211,2.5881660351628475
32670,29816.91869857612,2.5901995845385066
32680,29799.199057710022,2.5922358027216412
32690,29781.459402225235,2.594274694644127
32700,29763.699717442178,2.596316265256697
32710,29745.919988650203,2.598360519529013
32720,29728.120201107537,2.6004074624497426
32730,29710.300340041184,2.6024570990266342
32740,29692.460390646884,2.6045094342865913
32750,29674.600338088974,2.6065644732757494
32760,29656.72016750036,2.6086222210595538
32770,29638.819863982448,2.6106826827228344
32780,29620.899412605002,2.612745863369884
32790,29602.958798406158,2.614811768124536
32800,29584.99800639227,2.6168804021302416
32810,29567.01702153786,2.6189517705501504
32820,29549.01582878556,2.621025878567187
32830,29530.994413045977,2.6231027313841317
32840,29512.952759197688,2.625182334223701
32850,29494.890852087112,2.6272646923286245
32860,29476.80867652843,2.6293498109617297
32870,29458.70621730353,2.6314376954060217
32880,29440.583459161913,2.633528350964762
32890,29422.440386820606,2.635621782961554
32900,29404.27698496411,2.6377179967404234
32910,29386.093238244284,2.6398169976659034
32920,29367.88913128028,2.641918791123114
32930,29349.664648658472,2.644023382517849
32940,29331.419774932365,2.646130777276659
32950,29313.154494622504,2.648240980846935
32960,29294.868792216395,2.650353998696996
32970,29276.562652168475,2.6524698363161727
32980,29258.23605889992,2.6545884992148925
32990,29239.888996798683,2.6567099929247693
33000,29221.521450219312,2.658834322998686
33010,29203.133403482956,2.660961495010887
33020,29184.724840877185,2.66309151455706
33030,29166.29574665601,2.665224387254431
33040,29147.84610503971,2.6673601187418474
33050,29129.3759002148,2.6694987146798703
33060,29110.88511633392,2.671640180750864
33070,29092.373737515787,2.673784522659085
33080,29073.841747845065,2.6759317461307734
33090,29055.28913137231,2.678081856914245
33100,29036.71587211387,2.680234860779983
33110,29018.121954051807,2.6823907635207282
33120,28999.50736113381,2.6845495709515736
33130,28980.872077273118,2.6867112889100575
33140,28962.21608634841,2.6888759232562567
33150,28943.539372203726,2.69104347987288
33160,28924.841918648417,2.6932139646653663
33170,28906.123709456995,2.695387383561975
33180,28887.384728369092,2.6975637425138856
33190,28868.624959089364,2.6997430474952933
33200,28849.844385287382,2.7019253045035043
33210,28831.042990597583,2.704110519559035
33220,28812.220758619136,2.7062986987057096
33230,28793.377672915885,2.708489848010757
33240,28774.513717016256,2.710683973564912
33250,28755.628874413145,2.712881081482515
33260,28736.72312856387,2.715081177901608
33270,28717.796462890037,2.717284268984042
33280,28698.848860777478,2.719490360915572
33290,28679.88030557616,2.7216994599059623
33300,28660.890780600064,2.723911572189088
33310,28641.88026912715,2.7261267040230375
33320,28622.848754399216,2.728344861690217
33330,28603.796219621814,2.7305660514974535
33340,28584.72264796419,2.7327902797760997
33350,28565.62802255916,2.7350175528821397
33360,28546.512326503027,2.7372478771962943
33370,28527.375542855487,2.739481259124129
33380,28508.217654639557,2.741717705096157
33390,28489.038644841443,2.743957221567952
33400,28469.83849641047,2.7461998150202525
33410,28450.617192259,2.7484454919590724
33420,28431.374715262325,2.75069425891581
33430,28412.111048258557,2.7529461224473577
33440,28392.826174048554,2.7552010891362126
33450,28373.520075395834,2.7574591655905896
33460,28354.192735026438,2.7597203584445307
33470,28334.844135628897,2.7619846743580183
33480,28315.474259854083,2.7642521200170904
33490,28296.08309031513,2.7665227021339502
33500,28276.670609587352,2.7687964274470853
33510,28257.236800208128,2.7710733027213794
33520,28237.781644676812,2.7733533347482293
33530,28218.305125454644,2.775636530345661
33540,28198.80722496465,2.7779228963584472
33550,28179.28792559151,2.7802124396582246
33560,28159.747209681533,2.782505167143613
33570,28140.185059542477,2.784801085740332
33580,28120.60145744351,2.7871002024013243
33590,28100.996385615093,2.7894025241068734
33600,28081.36982624887,2.791708057864725
33610,28061.72176149759,2.794016810710211
33620,28042.05217347497,2.7963287897063687
33630,28022.361044255653,2.7986440019440657
33640,28002.648355875055,2.800962454542125
33650,27982.914090329286,2.803284154647447
33660,27963.158229575056,2.8056091094351365
33670,27943.38075552955,2.807937326108628
33680,27923.581650070373,2.8102688118998134
33690,27903.760895035382,2.812603574069168
33700,27883.91847222265,2.81494161990588
33710,27864.054363390314,2.8172829567279787
33720,27844.16855025651,2.8196275918824645
33730,27824.26101449922,2.8219755327454394
33740,27804.331737756263,2.8243267867222377
33750,27784.380701625058,2.826681361247559
33760,27764.407887662644,2.8290392637855986
33770,27744.4132773855,2.8314005018301844
33780,27724.396852269485,2.833765082904907
33790,27704.35859374969,2.83613301456326
33800,27684.298483220373,2.838504304388771
33810,27664.216502034833,2.8408789599951394
33820,27644.11263150532,2.8432569890263752
33830,27623.98685290289,2.8456383991569374
33840,27603.839147457365,2.8480231980918695
33850,27583.669496357157,2.8504113935669433
33860,27563.47788074921,2.852802993348798
33870,27543.264281738877,2.855198005235082
33880,27523.028680389805,2.857596437054593
33890,27502.77105772384,2.8599982966674236
33900,27482.491394720906,2.862403591965106
33910,27462.189672318913,2.8648123308707536
33920,27441.865871413633,2.8672245213392076
33930,27421.5199728586,2.869640171357186
33940,27401.15195746501,2.8720592889434284
33950,27380.761806001574,2.874481882148844
33960,27360.349499194468,2.8769079590566626
33970,27339.915017727144,2.879337527782583
33980,27319.458342240323,2.881770596474924
33990,27298.979453331784,2.8842071733147785
34000,27278.478331556304,2.886647266516161
34010,27257.954957425543,2.8890908843261665
34020,27237.409311407937,2.891538035025121
34030,27216.84137392856,2.8939887269267404
34040,27196.251125369025,2.8964429683782837
34050,27175.638546067392,2.8989007677607117
34060,27155.003616318027,2.9013621334888446
34070,27134.346316371506,2.903827074011521
34080,27113.666626434497,2.9062955978117597
34090,27092.96452666963,2.9087677134069176
34100,27072.239997195422,2.911243429348854
34110,27051.493018086097,2.913722754224093
34120,27030.723569371556,2.916205696653986
34130,27009.931631037194,2.918692265294879
34140,26989.11718302381,2.921182468838277
34150,26968.280205227507,2.9236763160110106
34160,26947.42067749954,2.9261738155754036
34170,26926.53857964622,2.928674976329444
34180,26905.633891428814,2.9311798071069517
34190,26884.70659256338,2.9336883167777494
34200,26863.756662720705,2.9362005142478367
34210,26842.78408152616,2.9387164084595594
34220,26821.78882855957,2.9412360083917877
34230,26800.77088335513,2.9437593230600876
34240,26779.730225401247,2.9462863615169006
34250,26758.66683414046,2.9488171328517168
34260,26737.580688969276,2.951351646191256
34270,26716.471769238095,2.9538899106996466
34280,26695.34005425107,2.956431935578606
34290,26674.185523265995,2.9589777300676205
34300,26653.008155494164,2.9615273034441305
34310,26631.807930100265,2.964080665023713
34320,26610.584826202255,2.9666378241602653
34330,26589.338822871265,2.969198790246192
34340,26568.069899131428,2.971763572712595
34350,26546.778033959803,2.9743321810294554
34360,26525.463206286215,2.976904624705829
34370,26504.125394993163,2.9794809132900335
34380,26482.76457891569,2.982061056369841
34390,26461.380736841253,2.9846450635726707
34400,26439.97384750958,2.987232944565785
34410,26418.543889612592,2.9898247090564807
34420,26397.090841794256,2.99242036679229
34430,26375.614682650434,2.9950199275611755
34440,26354.115390728795,2.9976234011917304
34450,26332.592944528697,3.0002307975533773
34460,26311.047322501006,3.00284212655657
34470,26289.478503048034,3.0054573981529975
34480,26267.886464523377,3.0080766223357864
34490,26246.271185231795,3.0106998091397075
34500,26224.632643429075,3.0133269686413793
34510,26202.970817321948,3.01595811095948
34520,26181.2856850679,3.0185932462549534
34530,26159.57722477508,3.0212323847312197
34540,26137.845414502175,3.023875536634388
34550,26116.090232258255,3.026522712253468
34560,26094.311656002697,3.0291739219205867
34570,26072.509663644974,3.031829176011201
34580,26050.684233044616,3.0344884849443154
34590,26028.835342011,3.037151859182702
34600,26006.96296830329,3.0398193092331196
34610,25985.06708963025,3.0424908456465327
34620,25963.14768365015,3.0451664790183366
34630,25941.204727970617,3.0478462199885805
34640,25919.238200148513,3.050530079242191
34650,25897.248077689797,3.0532180675092024
34660,25875.234338049406,3.0559101955649806
34670,25853.1969586311,3.058606474230455
34680,25831.135916787352,3.0613069143723513
34690,25809.0511898192,3.064011526903418
34700,25786.942754976135,3.0667203227826683
34710,25764.810589455938,3.069433313015609
34720,25742.654670404565,3.0721505086544805
34730,25720.47497491602,3.074871920798495
34740,25698.271480032192,3.077597560594075
34750,25676.044162742757,3.0803274392350963
34760,25653.79299998502,3.083061567963131
34770,25631.517968643788,3.0857999580676903
34780,25609.219045551225,3.0885426208864724
34790,25586.896207486727,3.09128956780561
34800,25564.549431176787,3.0940408102599193
34810,25542.17869329485,3.09679635973315
34820,25519.783970461183,3.0995562277582382
34830,25497.36523924274,3.1023204259175627
34840,25474.92247615301,3.1050889658431973
34850,25452.455657651906,3.10786185921717
34860,25429.964760145598,3.1106391177717208
34870,25407.449759986397,3.113420753289566
34880,25384.910633472606,3.1162067776041553
34890,25362.347356848382,3.1189972025999397
34900,25339.759906303614,3.121792040212637
34910,25317.148257973746,3.124591302429496
34920,25294.51238793968,3.1273950012895693
34930,25271.852272227614,3.130203148883984
34940,25249.167886808893,3.1330157573562127
34950,25226.459207599895,3.1358328389023487
34960,25203.72621046188,3.138654405771383
34970,25180.968871200832,3.141480470265481
34980,25158.18716556734,3.144311044740265
34990,25135.381069256448,3.1471461416050928
35000,25112.55055790751,3.1499857733233427
35010,25089.69560710407,3.152829952412699
35020,25066.81619237367,3.15567869144544
35030,25043.912289187778,3.158532003048726
35040,25020.983872961577,3.16138989990489
35050,24998.030919053865,3.1642523947517325
35060,24975.053402766905,3.1671195003828156
35070,24952.051299346273,3.169991229647758
35080,24929.024583980703,3.1728675954525385
35090,24905.973231801974,3.1757486107597903
35100,24882.897217884754,3.178634288589109
35110,24859.796517246432,3.181524642017356
35120,24836.67110484701,3.1844196841789647
35130,24813.52095558893,3.1873194282662483
35140,24790.346044316953,3.1902238875297138
35150,24767.146345817982,3.193133075278371
35160,24743.92183482095,3.196047004880052
35170,24720.672485996653,3.198965689761723
35180,24697.398273957617,3.2018891434098085
35190,24674.099173257935,3.2048173793705104
35200,24650.77515839314,3.2077504112501303
35210,24627.426203800038,3.2106882527153973
35220,24604.052283856592,3.213630917493795
35230,24580.65337288173,3.216578419373892
35240,24557.22944513525,3.219530772205673
35250,24533.780474817624,3.2224879899008734
35260,24510.306436069877,3.2254500864333173
35270,24486.807302973444,3.2284170758392556
35280,24463.283049550006,3.2313889722177076
35290,24439.733649761336,3.2343657897308034
35300,24416.159077509186,3.2373475426041316
35310,24392.559306635096,3.2403342451270865
35320,24368.93431092028,3.2433259116532187
35330,24345.284064085437,3.2463225566005867
35340,24321.608539790646,3.2493241944521163
35350,24297.907711635195,3.252330839755953
35360,24274.181553157432,3.255342507125826
35370,24250.430037834605,3.25835921124141
35380,24226.653139082737,3.26138096684869
35390,24202.85083025646,3.2644077887603262
35400,24179.023084648863,3.2674396918560302
35410,24155.169875491356,3.270476691082932
35420,24131.291175953498,3.2735188014559573
35430,24107.386959142867,3.2765660380582053
35440,24083.4571981049,3.279618416041329
35450,24059.501865822745,3.282675950625917
35460,24035.520935217097,3.2857386571018807
35470,24011.514379146076,3.288806550828841
35480,23987.482170405045,3.291879647236521
35490,23963.42428172648,3.294957961825136
35500,23939.340685779804,3.2980415101657954
35510,23915.231355171247,3.3011303079008947
35520,23891.09626244369,3.304224370744523
35530,23866.93538007651,3.307323714482866
35540,23842.748680485438,3.310428354974611
35550,23818.536136022398,3.31353830815136
35560,23794.297718975355,3.3166535900180407
35570,23770.033401568166,3.319774216653324
35580,23745.743155960434,3.3229002042100406
35590,23721.42695424735,3.326031568915605
35600,23697.084768459536,3.3291683270724386
35610,23672.716570562905,3.3323104950583966
35620,23648.322332458494,3.3354580893272026
35630,23623.902025982337,3.3386111264088765
35640,23599.455622905276,3.3417696229101743
35650,23574.98309493284,3.3449335955150277
35660,23550.48441370508,3.3481030609849864
35670,23525.95955079642,3.3512780361596635
35680,23501.408477715504,3.3544585379571843
35690,23476.831165905038,3.357644583374641
35700,23452.227586741657,3.360836189488545
35710,23427.597711535742,3.3640333734552854
35720,23402.941511531302,3.3672361525115933
35730,23378.258957905797,3.370444543975005
35740,23353.55002176999,3.3736585652443307
35750,23328.814674167814,3.3768782338001264
35760,23304.052886076195,3.380103567205168
35770,23279.26462840492,3.3833345831049306
35780,23254.449871996472,3.386571299228072
35790,23229.608587625877,3.3898137333869123
35800,23204.740746000578,3.393061903477929
35810,23179.846317760243,3.396315827482246
35820,23154.92527347665,3.3995755234661273
35830,23129.977583653523,3.4028410095814827
35840,23105.00321872637,3.406112304066362
35850,23080.00214906235,3.409389425245468
35860,23054.97434496012,3.412672391530665
35870,23029.919776649665,3.415961221421489
35880,23004.838414292168,3.41925593350567
35890,22979.73022797986,3.42255654645965
35900,22954.595187735857,3.4258630790491096
35910,22929.43326351403,3.429175550129495
35920,22904.244425198835,3.432493978646551
35930,22879.028642605168,3.4358183836368577
35940,22853.78588547823,3.4391487842283697
35950,22828.516123493366,3.442485199640963
35960,22803.219326255916,3.445827649186979
35970,22777.89546330108,3.4491761522717788
35980,22752.544504093752,3.4525307283943
35990,22727.16641802839,3.455891397147614
36000,22701.761174428855,3.4592581782194936
36010,22676.328742548274,3.462631091392978
36020,22650.86909156888,3.466010156546948
36030,22625.38219060189,3.4693953936567
36040,22599.86800868733,3.47278682279453
36050,22574.32651479392,3.476184464130315
36060,22548.757677818896,3.479588337932104
36070,22523.1614665879,3.4829984645667156
36080,22497.53784985481,3.4864148645003277
36090,22471.886796301602,3.489837558299087
36100,22446.208274538218,3.493266566629714
36110,22420.502253102408,3.496701910260113
36120,22394.76870045961,3.5001436100599896
36130,22369.007585002768,3.5035916870014705
36140,22343.21887505224,3.5070461621597278
36150,22317.402538855626,3.5105070567136107
36160,22291.558544587628,3.513974391946279
36170,22265.686860349924,3.5174481892458394
36180,22239.787454171026,3.5209284701059937
36190,22213.860294006136,3.524415256126686
36200,22187.905347737007,3.527908569014754
36210,22161.92258317181,3.5314084305845905
36220,22135.911968045006,3.534914862758804
36230,22109.873470017188,3.538427887568889
36240,22083.80705667497,3.5419475271558962
36250,22057.712695530838,3.5454738037711166
36260,22031.590354023014,3.549006739776757
36270,22005.43999951534,3.552546357646635
36280,21979.261599297133,3.5560926799668695
36290,21953.05512058304,3.5596457294365806
36300,21926.82053051294,3.563205528868593
36310,21900.5577961518,3.5667721011901454
36320,21874.26688448952,3.570345469443607
36330,21847.94776244085,3.5739256567871966
36340,21821.60039684524,3.5775126864957074
36350,21795.22475446669,3.581106581961239
36360,21768.820801993676,3.5847073666939355
36370,21742.388506038995,3.588315064322725
36380,21715.92783313963,3.5919296985960707
36390,21689.43874975666,3.5955512933827216
36400,21662.92122227511,3.5991798726724746
36410,21636.375217003842,3.602815460576937
36420,21609.800700175445,3.6064580813303015
36430,21583.1976379461,3.6101077592901185
36440,21556.565996395475,3.613764518938083
36450,21529.9057415266,3.6174283848808195
36460,21503.216839265766,3.6210993818506823
36470,21476.499255462386,3.624777534706551
36480,21449.75295588891,3.6284628684346436
36490,21422.97790624071,3.6321554081493237
36500,21396.174072135946,3.6358551790939253
36510,21369.341419115488,3.639562206641576
36520,21342.479912642793,3.6432765162960314
36530,21315.589518103803,3.6469981336925135
36540,21288.670200806824,3.6507270845985533
36550,21261.721925982463,3.6544633949148477
36560,21234.744658783486,3.6582070906761155
36570,21207.738364284738,3.6619581980519613
36580,21180.703007483047,3.6657167433477507
36590,21153.63855329711,3.6694827530054863
36600,21126.54496656742,3.673256253604695
36610,21099.42221205615,3.6770372718633206
36620,21072.270254447078,3.6808258346386222
36630,21045.089058345497,3.684621968928082
36640,21017.878588278098,3.688425701870318
36650,20990.638808692933,3.6922370607460056
36660,20963.36968395928,3.6960560729788052
36670,20936.071178367598,3.6998827661362994
36680,20908.74325612942,3.703717167930932
36690,20881.38588137728,3.7075593062209626
36700,20853.999018164654,3.711409209011422
36710,20826.58263046585,3.7152669044550763
36720,20799.13668217597,3.719132420853402
36730,20771.661137110805,3.7230057866575663
36740,20744.155959006803,3.726887030469415
36750,20716.621111520966,3.730776181042468
36760,20689.056558230808,3.734673267282926
36770,20661.462262634283,3.7385783182506778
36780,20633.838188149723,3.7424913631603265
36790,20606.184298115793,3.7464124313822147
36800,20578.50055579142,3.7503415524434587
36810,20550.786924355736,3.7542787560289987
36820,20523.043366908056,3.7582240719826476
36830,20495.269846467792,3.7621775303081555
36840,20467.46632597444,3.766139161170277
36850,20439.63276828751,3.770108994895852
36860,20411.769136186496,3.7740870619748934
36870,20383.875392370857,3.778073393061681
36880,20355.95149945994,3.782068018975869
36890,20327.997419992997,3.7860709707035975
36900,20300.01311642911,3.790082279398618
36910,20271.99855114719,3.7941019763834234
36920,20243.953686445955,3.7981300931503883
36930,20215.878484543893,3.8021666613629233
36940,20187.772907579267,3.8062117128566295
36950,20159.63691761007,3.810265279640472
36960,20131.470476614057,3.8143273938979556
36970,20103.273546488683,3.818398087988314
36980,20075.046089051146,3.8224773944477093
36990,20046.788066038363,3.8265653459904345
37000,20018.499439106974,3.830661975510139
37010,19990.180169833347,3.8347673160810483
37020,19961.8302197136,3.8388814009592056
37030,19933.449550163594,3.8430042635837185
37040,19905.03812251896,3.847135937578017
37050,19876.59589803513,3.851276456751123
37060,19848.12283788733,3.8554258550989244
37070,19819.618903170653,3.8595841668054693
37080,19791.084054900042,3.8637514262442645
37090,19762.51825401037,3.8679276679795827
37100,19733.92146135645,3.8721129267677887
37110,19705.293637713094,3.876307237558668
37120,19676.634743775146,3.880510635496771
37130,19647.944740157567,3.884723155922768
37140,19619.223587395456,3.888944834374815
37150,19590.471245944133,3.893175706589928
37160,19561.6876761792,3.8974158085053756
37170,19532.872838396615,3.901665176260075
37180,19504.026692812757,3.9059238461960053
37190,19475.149199564526,3.910191854859632
37200,19446.240318709413,3.9144692390033393
37210,19417.30001022559,3.9187560355868802
37220,19388.328234012017,3.923052281778834
37230,19359.324949888538,3.9273580149580782
37240,19330.29011759598,3.9316732727152734
37250,19301.223696796278,3.935998092854358
37260,19272.125647072582,3.9403325133940577
37270,19242.99592792937,3.9446765725694086
37280,19213.834498792607,3.9490303088332896
37290,19184.64131900985,3.95339376085797
37300,19155.416347850398,3.957766967536671
37310,19126.159544505434,3.9621499679851384
37320,19096.87086808819,3.96654280154323
37330,19067.550277634084,3.970945507776516
37340,19038.197732100907,3.975358126477891
37350,19008.813190368975,3.979780697669205
37360,18979.39661124131,3.984213261602901
37370,18949.94795344383,3.9886558587636745
37380,18920.46717562553,3.993108529870139
37390,18890.9542363587,3.9975713158765127
37400,18861.4090941391,4.002044257974314
37410,18831.831707386187,4.006527397594074
37420,18802.222034443337,4.0110207764070696
37430,18772.58003357806,4.0155244363270555
37440,18742.90566298224,4.020038419512028
37450,18713.19888077238,4.024562768365998
37460,18683.459644989834,4.029097525540771
37470,18653.68791360108,4.033642733937756
37480,18623.883644497975,4.038198436709781
37490,18594.046795498038,4.0427646772629275
37500,18564.177324344713,4.047341499258378
37510,18534.27518870767,4.051928946614285
37520,18504.340346183104,4.056527063507648
37530,18474.372754294036,4.061135894376214
37540,18444.372370490626,4.065755483920393
37550,18414.3391521505,4.070385877105186
37560,18384.27305657909,4.07502711916213
37570,18354.17404100997,4.079679255591271
37580,18324.042062605196,4.084342332163139
37590,18293.87707845569,4.089016394920747
37600,18263.679045581594,4.093701490181606
37610,18233.44792093266,4.098397664539765
37620,18203.18366138864,4.103104964867856
37630,18172.88622375968,4.107823438319164
37640,18142.555564786748,4.112553132329719
37650,18112.19164114204,4.117294094620396
37660,18081.794409429418,4.122046373199042
37670,18051.36382618486,4.1268100163626205
37680,18020.899847876914,4.131585072699367
37690,17990.402430907157,4.136371591090977
37700,17959.871531610694,4.1411696207147966
37710,17929.30710625661,4.145979211046054
37720,17898.709111048516,4.150800411860085
37730,17868.077502125045,4.155633273234599
37740,17837.41223556036,4.160477845551957
37750,17806.713267364736,4.165334179501465
37760,17775.980553485068,4.170202326081697
37770,17745.21404980546,4.175082336602835
37780,17714.413712147812,4.179974262689024
37790,17683.579496272385,4.184878156280757
37800,17652.711357878434,4.189794069637274
37810,17621.8092526048,4.194722055338988
37820,17590.873136030576,4.199662166289929
37830,17559.902963675726,4.204614455720209
37840,17528.898691001767,4.20957897718851
37850,17497.860273412443,4.214555784584599
37860,17466.787666254415,4.219544932131854
37870,17435.68082481796,4.224546474389827
37880,17404.539704337712,4.229560466256816
37890,17373.364259993406,4.2345869629724735
37900,17342.154446910616,4.239626020120421
37910,17310.910220161524,4.244677693630911
37920,17279.631534765744,4.249742039783486
37930,17248.31834569109,4.254819115209682
37940,17216.97060785442,4.259908976895747
37950,17185.588276122482,4.265011682185382
37960,17154.171305312757,4.270127288782519
37970,17122.71965019435,4.275255854754105
37980,17091.23326548889,4.280397438532929
37990,17059.71210587142,4.285552098920462
38000,17028.156125971364,4.290719895089731
38010,16996.565280373474,4.295900886588213
38020,16964.939523618785,4.301095133340758
38030,16933.278810205622,4.306302695652538
38040,16901.583094590624,4.311523634212023
38050,16869.852331189762,4.3167580100939835
38060,16838.086474379408,4.322005884762518
38070,16806.28547849742,4.327267320074117
38080,16774.449297844218,4.332542378280738
38090,16742.577886683932,4.337831122032927
38100,16710.671199245542,4.343133614382954
38110,16678.729189724036,4.348449918787986
38120,16646.751812281615,4.353780099113283
38130,16614.739021048907,4.359124219635431
38140,16582.690770126206,4.364482345045593
38150,16550.60701358473,4.369854540452796
38160,16518.48770546794,4.375240871387256
38170,16486.332799792806,4.380641403803713
38180,16454.142250551216,4.3860562040848174
38190,16421.916011711284,4.391485339044533
38200,16389.654037218785,4.396928875931585
38210,16357.35628099856,4.402386882432917
38220,16325.02269695598,4.4078594266772075
38230,16292.653238978419,4.413346577238397
38240,16260.247860936754,4.41884840313926
38250,16227.806516686927,4.424364973854997
38260,16195.329160071487,4.429896359316875
38270,16162.81574492122,4.435442629915894
38280,16130.266225056737,4.441003856506481
38290,16097.680554290175,4.446580110410226
38300,16065.058686426866,4.4521714634196545
38310,16032.400575267071,4.457777987802024
38320,15999.706174607738,4.463399756303166
38330,15966.975438244295,4.469036842151356
38340,15934.208319972484,4.474689319061224
38350,15901.404773590195,4.4803572612377
38360,15868.564752899405,4.48604074337999
38370,15835.688211708082,4.491739840685598
38380,15802.775103832158,4.497454628854384
38390,15769.825383097548,4.503185184092643
38400,15736.839003342186,4.508931583117249
38410,15703.81591841811,4.514693903159815
38420,15670.756082193599,4.520472221970898
38430,15637.659448555307,4.526266617824249
38440,15604.525971410505,4.532077169521094
38450,15571.355604689295,4.537903956394456
38460,15538.148302346915,4.54374705831352
38470,15504.904018366062,4.549606555688038
38480,15471.622706759277,4.555482529472772
38490,15438.304321571355,4.561375061171978
38500,15404.948816881802,4.567284232843936
38510,15371.556146807372,4.573210127105513
38520,15338.126265504594,4.57915282713678
38530,15304.659127172388,4.585112416685661
38540,15271.154686054731,4.5910889800726284
38550,15237.612896443341,4.5970826021954485
38560,15204.033712680433,4.603093368533957
38570,15170.417089161536,4.609121365154888
38580,15136.762980338328,4.6151666787167525
38590,15103.07134072157,4.621229396474748
38600,15069.342124884039,4.627309606285721
38610,15035.575287463565,4.633407396613177
38620,15001.770783166106,4.639522856532337
38630,14967.928566768864,4.645656075735233
38640,14934.048593123483,4.651807144535857
38650,14900.13081715929,4.657976153875359
38660,14866.1751938866,4.664163195327286
38670,14832.181678400088,4.670368361102875
38680,14798.150225882215,4.67659174405639
38690,14764.080791606713,4.682833437690516
38700,14729.97333094216,4.689093536161795
38710,14695.827799355582,4.69537213428611
38720,14661.644152416142,4.701669327544229
38730,14627.42234579891,4.707985212087391
38740,14593.162335288675,4.714319884742951
38750,14558.86407678384,4.720673443020066
38760,14524.527526300397,4.727045985115444
38770,14490.15263997595,4.7334376099191395
38780,14455.739374073837,4.739848417020404
38790,14421.287684987328,4.746278506713588
38800,14386.797529243868,4.7527279800040985
38810,14352.268863509427,4.759196938614412
38820,14317.70164459293,4.765685484990138
38830,14283.09582945075,4.7721937223061435
38840,14248.4513751913,4.778721754472724
38850,14213.768239079687,4.785269686141847
38860,14179.046378542494,4.791837622713428
38870,14144.285751172582,4.798425670341687
38880,14109.486314734058,4.805033935941551
38890,14074.648027167274,4.811662527195108
38900,14039.770846593929,4.818311552558137
38910,14004.854731322292,4.824981121266679
38920,13969.899639852498,4.831671343343676
38930,13934.905530881933,4.838382329605672
38940,13899.87236331074,4.845114191669565
38950,13864.800096247407,4.851867041959427
38960,13829.688689014467,4.858640993713381
38970,13794.538101154296,4.865436160990542
38980,13759.348292435025,4.872252658678015
38990,13724.119222856556,4.879090602497964
39000,13688.85085265667,4.885950109014733
39010,13653.543142317292,4.892831295642032
39020,13618.19605257082,4.8997342806502
39030,13582.809544406595,4.906659183173508
39040,13547.383579077487,4.913606123217549
39050,13511.918118106612,4.920575221666674
39060,13476.413123294144,4.927566600291509
39070,13440.868556724268,4.934580381756525
39080,13405.284380772275,4.941616689627678
39090,13369.660558111755,4.948675648380121
39100,13333.997051721948,4.955757383405969
39110,13298.293824895212,4.962862021022146
39120,13262.550841244647,4.969989688478288
39130,13226.76806471184,4.977140513964713
39140,13190.945459574756,4.984314626620476
39150,13155.082990455783,4.991512156541467
39160,13119.18062232991,4.998733234788594
39170,13083.238320533077,5.005977993396032
39180,13047.256050770655,5.013246565379536
39190,13011.23377912609,5.020539084744832
39200,12975.171472069713,5.027855686496068
39210,12939.069096467705,5.035196506644342
39220,12902.926619591228,5.042561682216297
39230,12866.744009125709,5.049951351262784
39240,12830.521233180334,5.057365652867607
39250,12794.258260297687,5.064804727156317
39260,12757.955059463555,5.0722687153051025
39270,12721.61160011694,5.079757759549733
39280,12685.227852160264,5.087272003194581
39290,12648.80378596971,5.0948115906217115
39300,12612.339372405826,5.1023766673000495
39310,12575.834582824253,5.109967379794614
39320,12539.289389086713,5.11758387577582
39330,12502.70376357216,5.125226304028866
39340,12466.077679188147,5.132894814463177
39350,12429.411109382425,5.14058955812193
39360,12392.704028154709,5.148310687191646
39370,12355.956410068724,5.156058355011856
39380,12319.168230264426,5.1638327160848405
39390,12282.33946447046,5.171633926085433
39400,12245.470089016875,5.179462141870905
39410,12208.560080848041,5.187317521490914
39420,12171.609417535827,5.195200224197524
39430,12134.618077293017,5.203110410455307
39440,12097.586038986981,5.211048241951492
39450,12060.513282153603,5.2190138816062115
39460,12023.399787011447,5.227007493582796
39470,11986.245534476231,5.235029243298152
39480,11949.05050617551,5.243079297433201
39490,11911.814684463712,5.251157823943386
39500,11874.538052437369,5.259264992069257
39510,11837.220593950704,5.267400972347112
39520,11799.862293631479,5.275565936619704
39530,11762.463136897139,5.28376005804703
39540,11725.02310997127,5.291983511117168
39550,11687.542199900345,5.300236471657182
39560,11650.020394570834,5.308519116844099
39570,11612.457682726566,5.316831625215943
39580,11574.854053986484,5.325174176682826
39590,11537.209498862689,5.333546952538115
39600,11499.524008778855,5.341950135469637
39610,11461.797576088968,5.350383909570964
39620,11424.030194096438,5.35884846035274
39630,11386.22185707356,5.367343974754073
39640,11348.372560281361,5.375870641153973
39650,11310.482299989795,5.384428649382857
39660,11272.551073498362,5.393018190734085
39670,11234.57887915706,5.401639457975571
39680,11196.565716387802,5.410292645361414
39690,11158.511585706201,5.4189779486436045
39700,11120.416488743776,5.427695565083748
39710,11082.280428270584,5.436445693464853
39720,11044.103408218281,5.445228534103141
39730,11005.88543370364,5.45404428885991
39740,10967.626511052495,5.462893161153423
39750,10929.326647824164,5.471775355970832
39760,10890.985852836318,5.480691079880134
39770,10852.604136190355,5.489640541042152
39780,10814.181509297247,5.498623949222543
39790,10775.717984903866,5.507641515803827
39800,10737.213577119866,5.5166934537974335
39810,10698.668301445014,5.525779977855762
39820,10660.082174797135,5.534901304284259
39830,10621.455215540493,5.544057651053494
39840,10582.787443514822,5.553249237811253
39850,10544.078880064855,5.562476285894616
39860,10505.329548070436,5.571739018342045
39870,10466.539471977238,5.581037659905458
39880,10427.708677828046,5.590372437062279
39890,10388.837193294687,5.599743578027498
39900,10349.925047710534,5.6091513127656745
39910,10310.972272103689,5.618595873002941
39920,10271.97889923078,5.628077492238961
39930,10232.94496361143,5.637596405758841
39940,10193.870501563411,5.647152850645019
39950,10154.75555123846,5.65674706578908
39960,10115.600152658815,5.666379291903529
39970,10076.40434775448,5.676049771533493
39980,10037.168180401171,5.6857587490683565
39990,9997.891696459075,5.6955064707533145
40000,9958.574943812317,5.705293184700845
40010,9919.217972409231,5.715119140902087
40020,9879.820834303424,5.724984591238115
40030,9840.383583695642,5.734889789491104
40040,9800.90627697646,5.744834991355382
40050,9761.38897276984,5.754820454448342
40060,9721.831731977512,5.764846438321236
40070,9682.23461782428,5.774913204469799
40080,9642.597695904198,5.785021016344739
40090,9602.921034227662,5.795170139362039
40100,9563.204703269454,5.805360840913092
40110,9523.44877601774,5.815593390374641
40120,9483.653328024036,5.825868059118517
40130,9443.818437454176,5.836185120521164
40140,9403.944185140299,5.84654484997293
40150,9364.030654633876,5.856947524887123
40160,9324.077932259795,5.867393424708806
40170,9284.086107171546,5.877882830923328
40180,9244.055271407475,5.888416027064564
40190,9203.985519948219,5.898993298722855
40200,9163.876950775264,5.9096149335526365
40210,9123.729664930677,5.920281221279722
40220,9083.543766578065,5.930992453708251
40230,9043.319363064751,5.941748924727251
40240,9003.056564985207,5.952550930316818
40250,8962.755486245765,5.963398768553892
40260,8922.41624413065,5.9742927396176
40270,8882.038959369336,5.985233145794149
40280,8841.62375620528,5.996220291481249
40290,8801.170762466043,6.007254483192041
40300,8760.680109634852,6.018336029558506
40310,8720.151932923587,6.02946524133434
40320,8679.586371347292,6.040642431397245
40330,8638.98356780017,6.051867914750644
40340,8598.343669133159,6.063142008524763
40350,8557.66682623307,6.074465031977067
40360,8516.953194103355,6.085837306492023
40370,8476.202931946525,6.09725915558014
40380,8435.41620324825,6.108730904876288
40390,8394.593175863201,6.120252882137223
40400,8353.734022102632,6.131825417238322
40410,8312.838918823769,6.143448842169467
40420,8271.908047521049,6.155123491030047
40430,8230.941594419219,6.1668497000230635
40440,8189.939750568361,6.178627807448249
40450,8148.9027119408765,6.190458153694221
40460,8107.830679530463,6.202341081229575
40470,8066.723859453154,6.214276934592911
40480,8025.582463050416,6.2262660603817315
40490,7984.406706994414,6.238308807240155
40500,7943.196813395423,6.250405525845427
40510,7901.953009911485,6.262556568893147
40520,7860.675529860335,6.274762291081168
40530,7819.3646123336275,6.28702304909214
40540,7778.02050231358,6.299339201574598
40550,7736.643450791989,6.311711109122572
40560,7695.23371489175,6.3241391342536515
40570,7653.791557990897,6.336623641385422
40580,7612.317249849215,6.3491649968102415
40590,7570.8110667375095,6.361763568668273
40600,7529.273291569538,6.374419726918697
40610,7487.704214036721,6.387133843309055
40620,7446.104130745645,6.39990629134263
40630,7404.473345358436,6.412737446243797
40640,7362.812168736069,6.42562768492127
40650,7321.120919084662,6.438577385929151
40660,7279.399922104834,6.451586929425702
40670,7237.649511144167,6.464656697129768
40680,7195.870027352874,6.477787072274722
40690,7154.061819842722,6.490978439559893
40700,7112.225245849246,6.504231185099325
40710,7070.360670897391,6.517545696367805
40720,7028.468468970612,6.5309223621440475
40730,6986.54902268349,6.544361572450911
40740,6944.602723457974,6.557863718492561
40750,6902.629971703322,6.571429192588453
40760,6860.631176999772,6.58505838810401
40770,6818.606758286096,6.598751699377885
40780,6776.557144051036,6.61250952164568
40790,6734.482772528772,6.626332250959972
40800,6692.384091898461,6.640220284106543
40810,6650.261560487954,6.654174018516646
40820,6608.115646981754,6.668193852175175
40830,6565.946830633342,6.6822801835245835
40840,6523.755601481895,6.696433411364406
40850,6481.542460573575,6.710653934746215
40860,6439.307920187384,6.724942152863847
40870,6397.052504065747,6.739298464938736
40880,6354.776747649894,6.753723270100169
40890,6312.481198320138,6.768216967260282
40900,6270.16641564113,6.782779954983628
40910,6227.83297161223,6.7974126313510785
40920,6185.481450923051,6.812115393817918
40930,6143.112451214303,6.826888639065873
40940,6100.726583344032,6.841732762848887
40950,6058.3244716593545,6.856648159832416
40960,6015.906754273812,6.8716352234260265
40970,5973.474083350418,6.886694345609035
40980,5931.02712539055,6.901825916748981
40990,5888.566561528745,6.9170303254126635
41000,5846.093087833546,6.932307958169477
41010,5803.607415614517,6.947659199386809
41020,5761.110271735497,6.963084431017198
41030,5718.602398934241,6.978584032376982
41040,5676.084556148571,6.994158379916146
41050,5633.5575188491,7.009807846979078
41060,5591.0220793787175,7.025532803555903
41070,5548.479047298884,7.0413336160240965
41080,5505.929249742912,7.05721064688005
41090,5463.373531776295,7.0731642544602416
41100,5420.812756764255,7.089194792651668
41110,5378.247806746589,7.1053026105912
41120,5335.679582819943,7.121488052353462
41130,5293.109005527644,7.137751456626892
41140,5250.537015257187,7.154093156377574
41150,5207.964572645529,7.17051347850045
41160,5165.39265899225,7.187012743457515
41170,5122.822276680763,7.203591264902556
41180,5080.25444960763,7.220249349292019
41190,5037.690223620144,7.2369872954815575
41200,4995.130666962261,7.253805394307813
41210,4952.576870728997,7.270703928154956
41220,4910.029949329402,7.2876831705055185
41230,4867.491040958224,7.304743385475028
41240,4824.961308076363,7.3218848273299475
41250,4782.44193790019,7.339107739988402
41260,4739.934142899876,7.356412356503183
41270,4697.43916130678,7.37379889852648
41280,4654.9582576300145,7.391267575755817
41290,4612.49272318226,7.4088185853606126
41300,4570.0438766149,7.426452111388814
41310,4527.6130644625755,7.444168324153015
41320,4485.2016616972,7.46196737959548
41330,4442.811072291515,7.479849418631459
41340,4400.442729792236,7.497814566470197
41350,4358.098097902814,7.515862931913005
41360,4315.778671075905,7.533994606627775
41370,4273.485975115498,7.55220966439929
41380,4231.2215677888,7.570508160354682
41390,4188.987039447829,7.588890130163392
41400,4146.784013660739,7.607355589210968
41410,4104.614147852857,7.625904531746006
41420,4062.479133957404,7.6445369299996075
41430,4020.380699075851,7.663252733276639
41440,3978.3206061478686,7.682051867018115
41450,3936.300654630777,7.700934231834033
41460,3894.3226811884288,7.719899702505976
41470,3852.388560389394,7.738948126958776
41480,3810.5002054143315,7.758079325200584
41490,3768.659568772411,7.777293088230653
41500,3726.8686430265843,7.79658917691416
41510,3685.129461527542,7.815967320823405
41520,3643.444099156115,7.835427217044736
41530,3601.81467307391,7.854968528950554
41540,3560.2433434818668,7.874590884935759
41550,3518.7323143864614,7.894293877118046
41560,3477.28383437322,7.914077060001446
41570,3435.9001973871837,7.93393994910255
41580,3394.583743519912,7.953882019538872
41590,3353.336859802599,7.973902704578857
41600,3312.1619810048524,7.99400139415304
41610,3271.0615904385686,8.01417743332593
41620,3230.0382207664024,8.034430120728228
41630,3189.0944548142143,8.05475870694904
41640,3148.2329263868396,8.07516239288777
41650,3107.456321086507,8.0956403280655
41660,3066.76737713313,8.116191608895646
41670,3026.1688861857237,8.13681527691382
41680,2985.663694164041,8.157510316966869
41690,2945.2547020695565,8.178275655361137
41700,2904.9448668047953,8.199110157970141
41710,2864.737201990003,8.220012628301845
41720,2824.6347787760333,8.240981805525962
41730,2784.6407266522874,8.262016362461692
41740,2744.7582342484766,8.283114903526512
41750,2704.990550128883,8.304275962646752
41760,2665.3409835777293,8.325498001130795
41770,2625.8129053741977,8.346779405505925
41780,2586.4097485555376,8.368118485320013
41790,2547.1350091666136,8.389513470909355
41800,2507.992246994221,8.410962511134239
41810,2468.985086284285,8.432463671083907
41820,2430.1172164400978,8.454014929752894
41830,2391.3923926995685,8.47561417769086
41840,2352.814436789391,8.497259214628295
41850,2314.387237553945,8.518947747080755
41860,2276.114751556617,8.540677385934432
41870,2238.0010036511667,8.562445644016291
41880,2200.050087520609,8.584249933652133
41890,2162.2661661810125,8.60608756421636
41900,2124.6534724475114,8.627955739677434
41910,2087.216309359672,8.649851556143437
41920,2049.9590505633114,8.671771999412375
41930,2012.8861406457036,8.693713942532316
41940,1976.0020954210286,8.715674143376749
41950,1939.3115021627927,8.737649242240948
41960,1902.819019779863,8.75963575946553
41970,1866.5293789326206,8.781630093093757
41980,1830.4473820856856,8.803628516569592
41990,1794.5779034934767,8.82562717648388
42000,1758.925889114882,8.847622090376545
42010,1723.4963564531317,8.869609144602983
42020,1688.2943943168993,8.89158409227348
42030,1653.3251624986242,8.913542551274718
42040,1618.5938913658792,8.935480002383061
42050,1584.1058813616055,8.957391787479633
42060,1549.866502408966,8.979273107877756
42070,1515.8811932164735,9.001119022773684
42080,1482.1554604790545,9.022924447832072
42090,1448.6948779706527,9.044684153917999
42100,1415.5050855239406,9.066392765987834
42110,1382.5917878927594,9.088044762151588
42120,1349.9607534928382,9.109634472919842
42130,1317.6178130164135,9.131156080648623
42140,1285.5688579164162,9.152603619196015
42150,1253.8198387559141,9.17397097380453
42160,1222.3767634186206,9.195251881223557
42170,1191.245695176338,9.216439930086437
42180,1160.432750609356,9.23752856155684
42190,1129.9440973759538,9.258511070259306
42200,1099.7859518273399,9.279380605508821
42210,1069.964576464523,9.300130172854319
42220,1040.4862772338793,9.320752635950917
42230,1011.3574006583813,9.341240718775587
42240,982.5843308017811,9.361587008200635
42250,954.1734860632878,9.381783956939179
42260,926.1313158006942,9.401823886876267
42270,898.4642967802001,9.421698992798875
42280,871.1789294516384,9.441401346537326
42290,844.2817340482179,9.460922901530004
42300,817.7792465103657,9.48025549782234
42310,791.6780142337557,9.499390867510137
42320,765.9845916421345,9.518320640636194
42330,740.7055355861157,9.537036351547943
42340,715.8474005697144,9.555529445722543
42350,691.4167338070047,9.573791287064372
42360,667.4200701119371,9.591813165678204
42370,643.8639266250257,9.609586306119773
42380,620.7547973813289,9.627101876123403
42390,598.0991477248363,9.644350995804505
42400,575.9034085751655,9.661324747332644
42410,554.17397055318,9.67801418506859
42420,532.917177972964,9.694410346156543
42430,512.1393227083145,9.710504261560203
42440,491.8466379427555,9.726286967528939
42450,472.04529181282487,9.741749517477665
42460,452.7413809552081,9.756882994261415
42470,433.9409239690294,9.771678522822924
42480,415.64985480541964,9.786127283188781
42490,397.87401609720837,9.80022052378702
42500,380.61915244229203,9.813949575056252
42510,363.8909036549703,9.827305863313807
42520,347.6947980001787,9.840280924847672
42530,332.03624542612306,9.852866420194465
42540,316.9205308115006,9.865054148563223
42550,302.3528072438776,9.876836062362472
42560,288.3380893463727,9.888204281785779
42570,274.8812466701165,9.899151109409095
42580,261.98699717032287,9.909669044751267
42590,249.65990078404593,9.91975079874759
42600,237.90435312788668,9.929389308084847
42610,226.72457933400347,9.938577749345335
42620,216.12462804276038,9.947309552906399
42630,206.10836557032144,9.955578416541707
42640,196.67947026926868,9.963378318670204
42650,187.8414271000811,9.970703531198929
42660,179.597522430955,9.977548631906359
42670,171.95083908295965,9.983908516313852
42680,164.9042516369973,9.989778408994
42690,158.46042201836644,9.995153874266247
42700,152.62179537400425,10.000030826232145
42710,147.39059625663594,10.004405538104876
42720,142.76882512916654,10.008274650790339
42730,138.75825520162016,10.011635180679999
42740,135.3604296118956,10.014484526619098
42750,132.57665896044182,10.016820476017205
42760,130.4080192077381,10.018641210072104
42770,128.8553499422287,10.019945308081866
42780,127.91925302502386,10.020731750824382
42790,127.60009161632661,10.020999922987944
42800,127.89798958717347,10.020749614641064
42810,128.81283131863984,10.019981021734361
42820,130.3442618892568,10.01869474563209
42830,132.4916876499501,10.016891791675565
42840,135.2542771843855,10.014573566785524
42850,138.63096265118384,10.011741876115023
42860,142.6204415031034,10.008398918769167
42870,147.22117857690773,10.004547282612258
42880,152.43140854633384,10.000189938187305
42890,158.24913872929574,9.995330231776853
42900,164.67215223927997,9.989971877637938
42910,171.6980114696944,9.98411894944752
42920,179.32406189889298,9.97777587099805
42930,187.5474362025916,9.97094740618579
42940,196.36505865946674,9.96363864833715
42950,205.77364983488496,9.955855008920645
42960,215.7697315269961,9.947602205693999
42970,226.34963195873752,9.938886250337573
42980,237.5094911987735,9.929713435626496
42990,249.24526679390965,9.920090322194802
43000,261.55273959514307,9.91002372494542
43010,274.4275197592833,9.89952069915998
43020,287.86505290786135,9.88858852636236
43030,301.860626424952,9.877234699989323
43040,316.40937587559347,9.865466910920883
43050,331.50629152651254,9.853293032921945
43060,347.14622495107596,9.84072110804543
